domain,title,keyword_keybert,url,detected_on
123-deco.fr,Comment choisir les matériaux parfaits pour votre terrasse ? - 132-deco.fr,parfaits votre terrasse,https://123-deco.fr/choisir-materiaux-terrasse,2026-05-19
123-deco.fr,Créez un miroir arche DIY qui sublime votre intérieur - 132-deco.fr,créez miroir arche,https://123-deco.fr/diy-miroir-arche,2026-05-19
123-deco.fr,Idées inspirantes pour aménager votre terrasse - 132-deco.fr,aménager votre terrasse,https://123-deco.fr/idees-amenagement-terrasse,2026-05-19
123-deco.fr,41 idées de terrasses sur les toits pour un espace de rêve - 132-deco.fr,terrasses toits espace,https://123-deco.fr/idees-terrasses-sur-les-toits,2026-05-19
123-deco.fr,Choisissez la pergola en bois parfaite pour votre terrasse - 132-deco.fr,choisissez pergola bois,https://123-deco.fr/pergola-en-bois-terrasse,2026-05-19
abrirama.fr,Rénover sa maison familiale : guide complet de rénovation - Abrirama,sa maison familiale,https://www.abrirama.fr/renover-sa-maison-familiale-guide-complet-de-renovation.html,2026-05-19
allianz-entrepros.fr,Sortir d’une indivision entre héritiers : quelles solutions ? - Allianz Entre Pros,indivision entre héritiers,https://allianz-entrepros.fr/sortir-indivision-heritier,2026-05-19
anousparis.fr,Le PSG réinvente l'expérience footballistique des supporters parisiens,footballistique supporters parisiens,https://anousparis.fr/psg/le-psg-reinvente-lexperience-footballistique-des-supporters-parisiens-61900,2026-05-19
appart-garden.com,🌊 Booster le pH facilement avec un électrolyseur ⚡️,ph facilement électrolyseur,https://appart-garden.com/augmenter-ph-electrolyseur,2026-05-19
archilibre.org,"Beau beau blog, les tendances du slow design en 2025",slow design 2025,https://archilibre.org/beau-beau-blog,2026-05-19
archilibre.org,10 idées ikea hack rangement chaussures pour votre entrée,hack rangement chaussures,https://archilibre.org/ikea-hack-rangement-chaussures,2026-05-19
archilibre.org,"Quel four choisir, pyrolyse ou catalyse pour votre cuisine ?",catalyse votre cuisine,https://archilibre.org/quelle-four-choisir,2026-05-19
archilibre.org,"Store banne design, coffre intégral ou semi, comment choisir ?",banne design coffre,https://archilibre.org/store-banne-design,2026-05-19
archilibre.org,"Store banne design, 5 critères pour valoriser votre architecture",valoriser votre architecture,https://archilibre.org/store-banne-design-2,2026-05-19
ardentes-berry-immobilier.fr,Quartiers à éviter à Montélimar | Guide sécurité 2026,quartiers éviter montélimar,https://ardentes-berry-immobilier.fr/immobilier/quartier-a-eviter-montelimar,2026-05-19
ardentes-berry-immobilier.fr,Quartiers à éviter à Montpellier | Le guide 2026 [Avis],quartiers éviter montpellier,https://ardentes-berry-immobilier.fr/immobilier/quartier-montpellier-a-eviter,2026-05-19
art-pluriel.fr,Achat barbecue : comparatif des meilleurs magasins selon votre budget - Art Pluriel,achat barbecue,https://art-pluriel.fr/achat-barbecue-comparatif,2026-05-19
art-pluriel.fr,Couper un bacacier sans l'abîmer : guide pratique,bacacier sans abîmer,https://art-pluriel.fr/couper-bacacier-efficacement,2026-05-19
artisan-conseils.fr,Aménagez votre espace avec des étagères customisées IKEA - Artisan-conseils.fr,étagères customisées ikea,https://artisan-conseils.fr/etagere-customisee-ikea-billy,2026-05-19
artisan-conseils.fr,30 idées déco pour une entrée accueillante et stylée - Artisan-conseils.fr,entrée accueillante stylée,https://artisan-conseils.fr/idees-deco-entree-accueillante,2026-05-19
artisan-conseils.fr,Idées astucieuses pour un placard sous pente bien rangé - Artisan-conseils.fr,placard sous pente,https://artisan-conseils.fr/placard-sous-pente-idees-rangement,2026-05-19
artisan-conseils.fr,Aménagez vos placards sous pente sur mesure avec style - Artisan-conseils.fr,aménagez vos placards,https://artisan-conseils.fr/placards-sous-pente-sur-mesure,2026-05-19
artisan-conseils.fr,30 Idées de Rayonnages Extérieurs DIY à Créer Juste Aujourd'hui - Artisan-conseils.fr,idées rayonnages extérieurs,https://artisan-conseils.fr/rayonnages-exterieurs-diy,2026-05-19
audricdecock.fr,Store intérieur pose DIY : occultants & enrouleurs facile,store intérieur pose,https://audricdecock.fr/choisir-et-poser-des-stores-interieurs-soi-meme,2026-05-19
audricdecock.fr,Carport bois DIY : Guide ultime pour abri voiture,carport bois diy,https://audricdecock.fr/construire-un-carport-en-bois-pour-abriter-sa-voiture,2026-05-19
audricdecock.fr,Pourquoi mettre un saturateur sur une terrasse en bois ? - Au Dricdecock,mettre saturateur terrasse,https://audricdecock.fr/pourquoi-mettre-un-saturateur-sur-une-terrasse-en-bois,2026-05-19
batiment-actualites.fr,Le canapé d'angle en bois idéal pour votre terrasse - batiment-actualites.fr,idéal votre terrasse,https://batiment-actualites.fr/canape-angle-bois-terrasse,2026-05-19
batiment-actualites.fr,Le canapé courbé en tissu qui sublime votre intérieur - batiment-actualites.fr,sublime votre intérieur,https://batiment-actualites.fr/canape-courbe-tissu-design,2026-05-19
batiment-actualites.fr,Transformez votre maison avec un canapé-lit Japandi élégant - batiment-actualites.fr,lit japandi élégant,https://batiment-actualites.fr/canape-lit-japandi-bois-fonctionnel,2026-05-19
batiment-actualites.fr,Découvrez le canapé-lit Théo en velours orange XL - batiment-actualites.fr,découvrez canapé,https://batiment-actualites.fr/canape-lit-theo-velours-orange-xl,2026-05-19
batiment-actualites.fr,Extension et véranda : vos solutions pratiques - batiment-actualites.fr,extension véranda,https://batiment-actualites.fr/extension-veranda-solutions-pratiques,2026-05-19
ccae.fr,"Inconvénient du Volet Roulant Solaire : Prix, Limites et Avis ⚡",volet roulant solaire,https://ccae.fr/inconvenient-du-volet-roulant-solaire,2026-05-19
ccae.fr,Porte vitrée : une solution élégante pour faire entrer la lumière naturelle - CCAE,porte vitrée,https://ccae.fr/porte-vitree-une-solution-elegante-pour-faire-entrer-la-lumiere-naturelle,2026-05-19
ccae.fr,Quel revêtement de sol extérieur choisir pour votre jardin ou votre terrasse ? - CCAE,jardin votre terrasse,https://ccae.fr/quel-revetement-de-sol-exterieur-choisir-pour-votre-jardin-ou-votre-terrasse,2026-05-19
cerclemediateursbancaires.fr,"Julien, auteur/autrice sur CMB",julien auteur autrice,https://cerclemediateursbancaires.fr/author/julien,2026-05-19
cerclemediateursbancaires.fr,Plaque avocat fiscaliste : quelles mentions prévoir ?,plaque avocat fiscaliste,https://cerclemediateursbancaires.fr/avocat-fiscaliste-ce-quune-plaque-professionnelle-doit-vraiment-indiquer,2026-05-19
cerclemediateursbancaires.fr,Budget immobilier : combien emprunter en fonction de vos revenus et de votre situation financière - CMB,budget immobilier,https://cerclemediateursbancaires.fr/budget-immobilier-combien-emprunter-en-fonction-de-vos-revenus-et-de-votre-situation-financiere,2026-05-19
cerclemediateursbancaires.fr,"Ce courrier de votre caisse de retraite déclenche un compte à rebours : après, impossible de faire marche arrière - CMB",votre caisse retraite,https://cerclemediateursbancaires.fr/ce-courrier-de-votre-caisse-de-retraite-declenche-un-compte-a-rebours-apres-impossible-de-faire-marche-arriere,2026-05-19
cerclemediateursbancaires.fr,Déclaration papier : le séisme financier qui va pulvériser vos économies dès cette nuit si vous osez attendre demain matin - CMB,déclaration papier,https://cerclemediateursbancaires.fr/declaration-papier-le-seisme-financier-qui-va-pulveriser-vos-economies-des-cette-nuit-si-vous-osez-attendre-demain-matin,2026-05-19
cerclemediateursbancaires.fr,"Il y en a dans un jardin français sur trois et personne ne la déclare : en 2026, le fisc a les moyens de la repérer - CMB",il jardin français,https://cerclemediateursbancaires.fr/il-y-en-a-dans-un-jardin-francais-sur-trois-et-personne-ne-la-declare-en-2026-le-fisc-a-les-moyens-de-la-reperer,2026-05-19
cerclemediateursbancaires.fr,"Préparer votre dossier France Travail pour financer votre création d’entreprise : justificatifs, budget et calendrier - CMB",financer votre création,https://cerclemediateursbancaires.fr/preparer-votre-dossier-france-travail-pour-financer-votre-creation-dentreprise-justificatifs-budget-et-calendrier,2026-05-19
cgt-76.fr,"Clin Bardage : Guide Prix, Qualité et Choix Bois Durable 🪵",clin bardage,https://cgt-76.fr/clin,2026-05-19
cgt-76.fr,Déchetterie Bessé-sur-Braye (72310) — Horaires et adresses,déchetterie bessé braye,https://cgt-76.fr/dechetteries-ville/besse-sur-braye-72310,2026-05-19
cgt-76.fr,Déchetterie Bossay-sur-Claise (37290) — Horaires et adresses,bossay claise 37290,https://cgt-76.fr/dechetteries-ville/bossay-sur-claise-37290,2026-05-19
cgt-76.fr,Déchetterie Campbon (44750) — Horaires et adresses,déchetterie campbon 44750,https://cgt-76.fr/dechetteries-ville/campbon-44750,2026-05-19
cgt-76.fr,Déchetterie Chauvoncourt (55300) — Horaires et adresses,chauvoncourt 55300 horaires,https://cgt-76.fr/dechetteries-ville/chauvoncourt-55300,2026-05-19
cgt-76.fr,Déchetterie Chazé-sur-Argos (49500) — Horaires et adresses,déchetterie chazé argos,https://cgt-76.fr/dechetteries-ville/chaze-sur-argos-49500,2026-05-19
cgt-76.fr,Déchetterie Damvillers (55150) — Horaires et adresses,déchetterie damvillers 55150,https://cgt-76.fr/dechetteries-ville/damvillers-55150,2026-05-19
cgt-76.fr,Déchetterie Étrépagny (27150) — Horaires et adresses,déchetterie étrépagny 27150,https://cgt-76.fr/dechetteries-ville/etrepagny-27150,2026-05-19
cgt-76.fr,Déchetterie Florange (57190) — Horaires et adresses,déchetterie florange 57190,https://cgt-76.fr/dechetteries-ville/florange-57190,2026-05-19
cgt-76.fr,Déchetterie Gasny (27620) — Horaires et adresses,déchetterie gasny 27620,https://cgt-76.fr/dechetteries-ville/gasny-27620,2026-05-19
cgt-76.fr,Déchetterie Gisors (27140) — Horaires et adresses,déchetterie gisors 27140,https://cgt-76.fr/dechetteries-ville/gisors-27140,2026-05-19
cgt-76.fr,Déchetterie Hondouville (27400) — Horaires et adresses,hondouville 27400 horaires,https://cgt-76.fr/dechetteries-ville/hondouville-27400,2026-05-19
cgt-76.fr,Déchetterie Juvigny-le-Tertre* (50520) — Horaires et adresses,déchetterie juvigny tertre,https://cgt-76.fr/dechetteries-ville/juvigny-le-tertre-50520,2026-05-19
cgt-76.fr,Déchetterie La Croix-Saint-Leufroy (27490) — Horaires et adresses,croix saint leufroy,https://cgt-76.fr/dechetteries-ville/la-croix-saint-leufroy-27490,2026-05-19
cgt-76.fr,Déchetterie Masevaux* (68290) — Horaires et adresses,déchetterie masevaux 68290,https://cgt-76.fr/dechetteries-ville/masevaux-68290,2026-05-19
cgt-76.fr,Déchetterie Montlouis-sur-Loire (37270) — Horaires et adresses,déchetterie montlouis loire,https://cgt-76.fr/dechetteries-ville/montlouis-sur-loire-37270,2026-05-19
cgt-76.fr,Déchetterie Muids (27430) — Horaires et adresses,déchetterie muids 27430,https://cgt-76.fr/dechetteries-ville/muids-27430,2026-05-19
cgt-76.fr,Déchetterie Ourouer-les-Bourdelins (18350) — Horaires et adresses,ourouer bourdelins 18350,https://cgt-76.fr/dechetteries-ville/ourouer-les-bourdelins-18350,2026-05-19
cgt-76.fr,Déchetterie Pont-Audemer (27500) — Horaires et adresses,déchetterie pont audemer,https://cgt-76.fr/dechetteries-ville/pont-audemer-27500,2026-05-19
cgt-76.fr,Déchetterie Richelieu (37120) — Horaires et adresses,déchetterie richelieu 37120,https://cgt-76.fr/dechetteries-ville/richelieu-37120,2026-05-19
cgt-76.fr,Déchetterie Rosbruck (57800) — Horaires et adresses,déchetterie rosbruck 57800,https://cgt-76.fr/dechetteries-ville/rosbruck-57800,2026-05-19
cgt-76.fr,Déchetterie RUGLES (27250) — Horaires et adresses,déchetterie rugles 27250,https://cgt-76.fr/dechetteries-ville/rugles-27250,2026-05-19
cgt-76.fr,Déchetterie Saint-Aquilin-de-Pacy* (27120) — Horaires et adresses,déchetterie saint aquilin,https://cgt-76.fr/dechetteries-ville/saint-aquilin-de-pacy-27120,2026-05-19
cgt-76.fr,Déchetterie SERQUIGNY (27470) — Horaires et adresses,déchetterie serquigny 27470,https://cgt-76.fr/dechetteries-ville/serquigny-27470,2026-05-19
cgt-76.fr,Déchetterie Tinqueux (51430) — Horaires et adresses,déchetterie tinqueux 51430,https://cgt-76.fr/dechetteries-ville/tinqueux-51430,2026-05-19
cgt-76.fr,Déchetterie Tourny (27510) — Horaires et adresses,déchetterie tourny 27510,https://cgt-76.fr/dechetteries-ville/tourny-27510,2026-05-19
cgt-76.fr,Déchetterie Volgelsheim (68600) — Horaires et adresses,déchetterie volgelsheim 68600,https://cgt-76.fr/dechetteries-ville/volgelsheim-68600,2026-05-19
chantier-expert.fr,Inspirez-vous pour créer une chambre enfantine lumineuse - Chantier-expert.fr,chambre enfantine lumineuse,https://chantier-expert.fr/chambre-enfant-inspiration-deco,2026-05-19
chantier-expert.fr,Une chambre d'enfant de rêve avec lit superposé - Chantier-expert.fr,rêve lit superposé,https://chantier-expert.fr/chambre-enfant-lit-superpose,2026-05-19
chantier-expert.fr,Idées pratiques pour aménager une chambre d'enfants à partager - Chantier-expert.fr,aménager chambre enfants,https://chantier-expert.fr/chambre-enfants-partager-idees,2026-05-19
chantier-expert.fr,Idées de chambre d'enfant : optimiser les petits espaces - Chantier-expert.fr,idées chambre enfant,https://chantier-expert.fr/idees-chambre-enfant-optimisation-espace,2026-05-19
chantier-expert.fr,38 idées de chambres d'enfants pour allier confort et créativité - Chantier-expert.fr,idées chambres enfants,https://chantier-expert.fr/idees-chambres-enfants-creativite-confort,2026-05-19
deco-et-vous.fr,Créez un bureau malin et design chez vous - Deco-et-vous.fr,design chez vous,https://deco-et-vous.fr/amenagement-bureau-design-pratique,2026-05-19
deco-et-vous.fr,Le bureau ANDERSON 2.0M : Élégance et fonctionnalité réunies - Deco-et-vous.fr,bureau anderson 0m,https://deco-et-vous.fr/bureau-anderson-2-0m-reversible,2026-05-19
deco-et-vous.fr,Comment créer un bureau à domicile chaleureux et pratique - Deco-et-vous.fr,bureau domicile chaleureux,https://deco-et-vous.fr/creer-bureau-domicile,2026-05-19
deco-et-vous.fr,15 idées simples pour un déco scandinave réussie - Deco-et-vous.fr,déco scandinave réussie,https://deco-et-vous.fr/idees-deco-scandinave-simples,2026-05-19
deco-et-vous.fr,Comment personnaliser votre bureau IKEA avec style - Deco-et-vous.fr,votre bureau ikea,https://deco-et-vous.fr/personnaliser-bureau-ikea,2026-05-19
deco-habitat-mag.fr,Aperçu moderne d'un auvent en aluminium avec éclairage LED - deco-habitat-mag.fr,aluminium éclairage led,https://deco-habitat-mag.fr/auvent-aluminium-eclairage-led,2026-05-19
deco-habitat-mag.fr,Comment choisir la console parfaite pour votre entrée ? - deco-habitat-mag.fr,choisir console parfaite,https://deco-habitat-mag.fr/console-meuble-entree,2026-05-19
deco-habitat-mag.fr,Des idées pratiques pour un coin d'entrée harmonieux dans le salon - deco-habitat-mag.fr,coin entrée harmonieux,https://deco-habitat-mag.fr/espace-entree-salon,2026-05-19
deco-habitat-mag.fr,40 idées pour aménager et décorer votre petite entrée - deco-habitat-mag.fr,aménager décorer votre,https://deco-habitat-mag.fr/idees-amenagement-decoration-petite-entree,2026-05-19
deco-habitat-mag.fr,12 indispensables pour une buanderie pratique et organisée - deco-habitat-mag.fr,buanderie pratique organisée,https://deco-habitat-mag.fr/rangement-buanderie-indispensables,2026-05-19
deco-interieur-conseil.fr,Conseils de design pour optimiser un petit espace moderne - Deco-interieur-conseil.fr,optimiser petit espace,https://deco-interieur-conseil.fr/conseils-design-optimiser-petit-espace,2026-05-19
deco-interieur-conseil.fr,Relookez votre salle à manger sans vous ruiner - Deco-interieur-conseil.fr,votre salle manger,https://deco-interieur-conseil.fr/relooking-salle-a-manger-petit-prix,2026-05-19
deco-interieur-conseil.fr,Idées chaleureuses pour un salon et salle à manger combinés - Deco-interieur-conseil.fr,chaleureuses salon salle,https://deco-interieur-conseil.fr/salon-salle-a-manger-designs-cosy,2026-05-19
deco-interieur-conseil.fr,Des tables extensibles pour agrandir votre salon avec style - Deco-interieur-conseil.fr,tables extensibles agrandir,https://deco-interieur-conseil.fr/tables-extensibles-salon-chic,2026-05-19
deco-interieur-conseil.fr,Tables rondes modernes pour un dîner convivial - Deco-interieur-conseil.fr,tables rondes modernes,https://deco-interieur-conseil.fr/tables-rondes-modernes-salle-a-manger,2026-05-19
decolux-maison.fr,Créez votre chambre berber chaleureuse et accueillante - decolux-maison.fr,berber chaleureuse accueillante,https://decolux-maison.fr/chambre-berbere-ambiance-accueillante,2026-05-19
decolux-maison.fr,Créez une chambre moderne et chaleureuse avec des LED - decolux-maison.fr,moderne chaleureuse led,https://decolux-maison.fr/chambre-moderne-chaleureuse-led-luxe,2026-05-19
decolux-maison.fr,17 idées pratiques pour aménager une chambre mansardée - decolux-maison.fr,pratiques aménager chambre,https://decolux-maison.fr/idees-amenagement-chambre-mansardee,2026-05-19
decolux-maison.fr,16 idées de chambres au design Japandi pour votre cocon - decolux-maison.fr,design japandi votre,https://decolux-maison.fr/idees-chambres-japandi,2026-05-19
decolux-maison.fr,Créez une ambiance unique avec une tête de lit verrière - decolux-maison.fr,tête lit verrière,https://decolux-maison.fr/tete-de-lit-verriere,2026-05-19
decoparty.fr,Oriel vs Bow Window : Comprendre la Différence,oriel bow window,https://decoparty.fr/oriel-bow-window-difference,2026-05-19
decoparty.fr,Terracotta et vert sauge : astuces déco tendance,terracotta vert sauge,https://decoparty.fr/terracotta-vert-sauge-deco,2026-05-19
diore-immobilier.fr,Se venger du bruit appartement du dessus : solutions légales,bruit appartement dessus,https://diore-immobilier.fr/se-venger-du-bruit-appartement-du-dessus,2026-05-19
domeus-constructions.fr,"Béton Poreux : Définition, Avantages, Usages Et Limites De Ce Béton Perméable",béton poreux,https://domeus-constructions.fr/beton-poreux-avantages-usages-limites,2026-05-19
edito.selogerneuf.com,Programme immobilier neuf à Paris : opportunités et conseils,immobilier neuf paris,https://edito.selogerneuf.com/programmes-neufs/programme-immobilier-neuf-paris-opportunites-saisir-conseils-pratiques-article,2026-05-19
favrat-ossature-bois.fr,Essaim De Guêpes : Comment Réagir Sans Paniquer ? 🐝,essaim guêpes,https://favrat-ossature-bois.fr/essaim-de-guepes-comment-reagir-sans-panique,2026-05-19
fenrifoyer.fr,Composition d'orchidées : créer et entretenir votre œuvre,composition orchidées,https://fenrifoyer.fr/composition-dorchidees-creer-et-entretenir-votre-oeuvre,2026-05-19
foyerlumina.fr,"Rouille piscine au sel : causes, prévention et traitement",rouille piscine sel,https://foyerlumina.fr/rouille-piscine-au-sel-causes-prevention-et-traitement,2026-05-19
foyerlumina.fr,Triso noir : isolation réflectrice et performances thermiques,triso noir,https://foyerlumina.fr/triso-noir-isolation-reflectrice-et-performances-thermiques,2026-05-19
foyerluxuria.fr,Le purin de fougère : un allié naturel pour votre jardin,purin fougère,https://foyerluxuria.fr/le-purin-de-fougere-un-allie-naturel-pour-votre-jardin,2026-05-19
foyerluxuria.fr,Prix de pose d'un tirant de maison : ce qui impacte le coût,pose tirant maison,https://foyerluxuria.fr/prix-de-pose-dun-tirant-de-maison-ce-qui-impacte-le-cout,2026-05-19
gestaloc.fr,RAL 2900 : la teinte de gris sablé pour vos menuiseries extérieures,ral 2900,https://gestaloc.fr/ral-2900,2026-05-19
habitat-infos.fr,Apportez de la légèreté avec les claustras - Habitat-infos.fr,apportez légèreté claustras,https://habitat-infos.fr/claustras-integration-decoration-interieure,2026-05-19
habitat-infos.fr,Inspirez-vous pour créer un appartement chaleureux - Habitat-infos.fr,créer appartement chaleureux,https://habitat-infos.fr/decoration-appartement-chaleureux,2026-05-19
habitat-infos.fr,Comment entretenir et restaurer vos meubles en cuir - Habitat-infos.fr,entretenir restaurer vos,https://habitat-infos.fr/entretien-restauration-meubles-cuir,2026-05-19
habitat-infos.fr,Un fauteuil en cuir vintage pour un décor intemporel - Habitat-infos.fr,fauteuil cuir vintage,https://habitat-infos.fr/fauteuil-cuir-vintage-decoration,2026-05-19
habitat-infos.fr,6 solutions pratiques pour cacher la télévision dans votre salon - Habitat-infos.fr,cacher télévision votre,https://habitat-infos.fr/solutions-cacher-television-salon,2026-05-19
harmonie-maison.fr,Achat immobilier dans le neuf : les clés pour réussir son projet - Harmonie Maison,achat immobilier neuf,https://harmonie-maison.fr/achat-immobilier-neuf,2026-05-19
harmonie-maison.fr,"Acide chlorhydrique en piscine : usages, sécurité et erreurs à éviter - Harmonie Maison",acide chlorhydrique piscine,https://harmonie-maison.fr/acide-chlorhydrique-piscine-utilisation-securite,2026-05-19
harmonie-maison.fr,Albizia au jardin : 5 inconvénients à bien connaître avant de planter - Harmonie Maison,albizia jardin,https://harmonie-maison.fr/albizia-inconvenients-majeurs-jardin,2026-05-19
harmonie-maison.fr,Aménager un salon salle à manger de 20m2 : 7 solutions concrètes - Harmonie Maison,aménager salon salle,https://harmonie-maison.fr/amenagement-salon-salle-manger-20m2,2026-05-19
harmonie-maison.fr,Arbre eucalyptus : 5 dangers à ne jamais sous-estimer chez soi - Harmonie Maison,arbre eucalyptus,https://harmonie-maison.fr/arbre-eucalyptus-danger-risques,2026-05-19
harmonie-maison.fr,Pourquoi l’arbre à papillon est désormais interdit dans nos jardins - Harmonie Maison,pourquoi arbre papillon,https://harmonie-maison.fr/arbre-papillon-interdit-france,2026-05-19
harmonie-maison.fr,Pourquoi le capitonnage de porte change tout pour votre confort - Harmonie Maison,pourquoi capitonnage porte,https://harmonie-maison.fr/capitonnage-porte-isolation-design,2026-05-19
harmonie-maison.fr,F28 Saunier Duval : 5 erreurs à éviter pour réparer sans stress - Harmonie Maison,f28 saunier duval,https://harmonie-maison.fr/code-erreur-f28-saunier-duval,2026-05-19
harmonie-maison.fr,Commission logement : délais réels et stratégies gagnantes - Harmonie Maison,commission logement,https://harmonie-maison.fr/duree-commission-logement,2026-05-19
harmonie-maison.fr,Eucalyptus gunnii : les 5 dangers sous-estimés avant de planter - Harmonie Maison,eucalyptus gunnii,https://harmonie-maison.fr/eucalyptus-gunnii-inconvenients-majeurs,2026-05-19
harmonie-maison.fr,Haie de pyracantha : ce que la loi interdit vraiment (et pourquoi) - Harmonie Maison,haie pyracantha,https://harmonie-maison.fr/haie-pyracantha-interdite-legislation,2026-05-19
harmonie-maison.fr,Prix abattage arbre : combien ça coûte vraiment en 2024 ? - Harmonie Maison,prix abattage arbre,https://harmonie-maison.fr/prix-abattage-arbre,2026-05-19
harmonie-maison.fr,Ane prix : 5 vérités pour acheter sans se tromper - Harmonie Maison,ane prix,https://harmonie-maison.fr/prix-ane-achat-conseils,2026-05-19
harmonie-maison.fr,Prix d’un camion de bois en grume : ce qu’il faut vraiment savoir - Harmonie Maison,prix camion bois,https://harmonie-maison.fr/prix-camion-bois-grume,2026-05-19
harmonie-maison.fr,Crottes de crapaud : comment les identifier et quoi en faire - Harmonie Maison,crottes crapaud,https://harmonie-maison.fr/reconnaitre-crottes-crapaud-jardin,2026-05-19
harmonie-maison.fr,Salle de bains en tadelakt : 5 vérités à connaître avant de se lancer - Harmonie Maison,salle bains tadelakt,https://harmonie-maison.fr/salle-bains-tadelakt-avantages,2026-05-19
harmonie-maison.fr,Tailler son mûrier : 4 étapes essentielles pour un arbre en pleine forme - Harmonie Maison,tailler son mûrier,https://harmonie-maison.fr/tailler-murier-conseils-astuces,2026-05-19
harmonie-maison.fr,"Terre végétale : prix, pièges à éviter et vrais bons plans - Harmonie Maison",terre végétale,https://harmonie-maison.fr/terre-vegetale-prix-astuces-choix,2026-05-19
harmonie-maison.fr,3 couches de peinture et toujours des traces : comment rattraper le coup ? - Harmonie Maison,peinture toujours traces,https://harmonie-maison.fr/traces-apres-trois-couches-peinture,2026-05-19
harmonie-maison.fr,Vert de gris sur cuivre : comment l'éviter et l'éliminer durablement - Harmonie Maison,vert gris cuivre,https://harmonie-maison.fr/vert-de-gris-cuivre-nettoyage,2026-05-19
horizons-patrimoine.fr,Pourquoi le PEA est incontournable pour investir en bourse ?,est incontournable investir,https://horizons-patrimoine.fr/investissement/pourquoi-le-pea-est-incontournable-pour-investir-en-bourse,2026-05-19
hotelub.fr,Avis WonderGuest 2026 : Le Test du Livret d'Accueil Digital,avis wonderguest 2026,https://hotelub.fr/avis-wonderguest-app,2026-05-19
hotelub.fr,WonderGuest 2026 Testbericht: Der Test des digitalen Willkommenshefts,test digitalen willkommenshefts,https://hotelub.fr/de/bewertung-wonderguest-2026-der-vollstandige-test-des-digitalen-willkommenshefts-fur-die-kurzzeitvermietung,2026-05-19
hotelub.fr,Luxuriöser Concierge-Service in Lausanne | Maßgeschneiderte Aufenthalte & Services,luxuriöser concierge service,https://hotelub.fr/de/unbeschwert-reisen-der-neue-ansatz-fur-hochwertige-aufenthalte-in-lausanne,2026-05-19
hotelub.fr,WonderGuest 2026 Review: The Digital Welcome Booklet Test,wonderguest 2026 review,https://hotelub.fr/en/wonderguest-2026-review-the-complete-test-of-the-digital-welcome-booklet-for-short-term-rental,2026-05-19
hotelub.fr,Reseña de WonderGuest 2026: Prueba del folleto de bienvenida digital,folleto bienvenida digital,https://hotelub.fr/es/opiniones-wonderguest-2026-la-prueba-completa-del-cuaderno-de-bienvenida-digital-para-el-alquiler-a-corto-plazo,2026-05-19
hotelub.fr,Servicio de conserjería de lujo en Lausana | Estancias y servicios a medida,servicio conserjería lujo,https://hotelub.fr/es/viajar-sin-restricciones-el-nuevo-enfoque-de-las-estancias-de-lujo-en-lausana,2026-05-19
hotelub.fr,Casella di posta unificata: l'arma segreta degli albergatori?,segreta degli albergatori,https://hotelub.fr/it/la-casella-di-posta-unificata-larma-segreta-degli-albergatori-per-centralizzare-la-comunicazione,2026-05-19
hotelub.fr,Recensione di WonderGuest 2026: il test del libretto di benvenuto digitale,libretto di benvenuto,https://hotelub.fr/it/recensione-wonderguest-2026-il-test-completo-del-libretto-di-benvenuto-digitale-per-la-locazione-a-breve-termine,2026-05-19
hotelub.fr,Servizio di concierge di lusso a Losanna | Soggiorni e servizi su misura,concierge di lusso,https://hotelub.fr/it/viaggiare-senza-vincoli-il-nuovo-approccio-ai-soggiorni-di-alta-gamma-a-losanna,2026-05-19
hotelub.fr,Caixa de entrada unificada: a arma secreta dos hoteleiros?,secreta dos hoteleiros,https://hotelub.fr/pt/a-caixa-de-entrada-unificada-a-arma-secreta-dos-hoteleiros-para-centralizar-a-comunicacao,2026-05-19
hotelub.fr,Análise do WonderGuest 2026: O Teste do Guia de Boas-Vindas Digital,boas vindas digital,https://hotelub.fr/pt/avaliacao-wonderguest-2026-o-teste-completo-do-livreto-de-boas-vindas-digital-para-locacao-de-curta-duracao,2026-05-19
hotelub.fr,Serviço de concierge de luxo em Lausanne | Estadias e serviços personalizados,luxo em lausanne,https://hotelub.fr/pt/viajar-sem-restricoes-a-nova-abordagem-das-estadias-de-alto-padrao-em-lausanne,2026-05-19
immodeco.net,"Aménagement allée maison , le gravier ou les pavés ?",maison gravier pavés,https://www.immodeco.net/amenagement-allee-maison,2026-05-19
immodeco.net,"Comment vider une maison apres deces, plan étape par étape",deces plan étape,https://www.immodeco.net/comment-vider-une-maison-apres-deces,2026-05-19
immodeco.net,"Couleur tendance déco 2024 salon , les nuances incontournables",salon nuances incontournables,https://www.immodeco.net/couleur-tendance-deco-2024-salon,2026-05-19
immodeco.net,"Simagri, la méthode efficace pour gérer votre exploitation",gérer votre exploitation,https://www.immodeco.net/simagri,2026-05-19
immodeco.net,"Store banne sans coffre, le choix économique pour une terrasse ?",choix économique terrasse,https://www.immodeco.net/store-banne-sans-coffre,2026-05-19
interiora-style.fr,21 idées déco de salon minimalistes à adopter - Interiora-style.fr,salon minimalistes adopter,https://interiora-style.fr/idees-deco-salon-minimalistes,2026-05-19
interiora-style.fr,Les plus belles inspirations déco de Pinterest - Interiora-style.fr,belles inspirations déco,https://interiora-style.fr/inspirations-deco-pinterest,2026-05-19
interiora-style.fr,10 idées pour un salon en blanc et bois qui vous séduira - Interiora-style.fr,idées salon blanc,https://interiora-style.fr/salon-blanc-bois-idees-deco,2026-05-19
interiora-style.fr,20 idées de salons modernes et boho à découvrir - Interiora-style.fr,salons modernes boho,https://interiora-style.fr/salons-modernes-boho,2026-05-19
interiora-style.fr,Tapis ethnique crème : une touche chaleureuse pour votre salon - Interiora-style.fr,tapis ethnique crème,https://interiora-style.fr/tapis-ethnique-creme-salon,2026-05-19
itsufrance.fr,Meilleure machine à sous 777 gratuite en France en 2026,meilleure machine sous,https://itsufrance.fr/meilleure-machine-a-sous-777-gratuite-en-ligne-en-france-en-2026,2026-05-19
itsufrance.fr,Prix McFlurry McDonald's : tarifs 2026 et astuces,prix mcflurry mcdonald,https://itsufrance.fr/prix-mcflurry-mcdonalds,2026-05-19
jardinerlaville.fr,Rouge-queue : comment l’identifier et l’apprivoiser ? | Jardiner la Ville,rouge queue,https://jardinerlaville.fr/oiseau-queue-rouge,2026-05-19
lacquolina.fr,🌍 Explorez Maghreb & Méditerranée : Guide Inspirant au Départ de Toulouse ✈️,explorez maghreb méditerranée,https://lacquolina.fr/maghreb-mediterranee-voyage,2026-05-19
lebureaudelimmo.fr,"Se défendre contre une accusation de vice caché maison : droits, preuves et stratégie efficace",contre accusation vice,https://lebureaudelimmo.fr/defendre-contre-accusation-vice-cache-maison,2026-05-19
lebureaudelimmo.fr,Habitats durables : peut-on simuler son DPE et améliorer sa note efficacement ?,habitats durables,https://lebureaudelimmo.fr/habitats-durables-dpe,2026-05-19
leconomieetmoi.fr,Boostez la productivité de vos collaborateurs avec un affichage grand format - L'économie et moi,productivité vos collaborateurs,https://leconomieetmoi.fr/entreprise/boostez-la-productivite-de-vos-collaborateurs-avec-un-affichage-grand-format-12613,2026-05-19
leconomieetmoi.fr,"Facture électronique obligatoire : dates, logiciels et erreurs à éviter - L'économie et moi",facture électronique obligatoire,https://leconomieetmoi.fr/entreprise/tout-savoir-sur-la-reforme-de-la-facture-electronique-en-france-12598,2026-05-19
leconomieetmoi.fr,Inflation et pouvoir d'achat : comment protéger sereinement son épargne ? - L'économie et moi,inflation pouvoir achat,https://leconomieetmoi.fr/finance/inflation-et-pouvoir-dachat-comment-proteger-sereinement-son-epargne-12606,2026-05-19
loco-immo.fr,Munilla Construction Management : de quoi s’agit-il ?,munilla construction management,https://loco-immo.fr/munilla-construction-management,2026-05-19
ma-maison-pratique.fr,Aménagement pratique d'une buanderie dans votre hall d'entrée - ma-maison-pratique.fr,buanderie votre hall,https://ma-maison-pratique.fr/amenagement-buanderie-hall-entree,2026-05-19
ma-maison-pratique.fr,Décorez votre buanderie dans un style rustique et minimaliste - ma-maison-pratique.fr,style rustique minimaliste,https://ma-maison-pratique.fr/buanderie-rustique-minimaliste,2026-05-19
ma-maison-pratique.fr,Organisez votre buanderie avec style et efficacité - ma-maison-pratique.fr,organisez votre buanderie,https://ma-maison-pratique.fr/organisation-buanderie-idees-pratiques,2026-05-19
ma-maison-pratique.fr,Organiser sa buanderie : astuces pratiques pour une pièce fonctionnelle - ma-maison-pratique.fr,organiser sa buanderie,https://ma-maison-pratique.fr/organiser-buanderie-astuces-pratiques,2026-05-19
ma-maison-pratique.fr,Wastoren personnalisés : conseils pour bien choisir - ma-maison-pratique.fr,wastoren personnalisés,https://ma-maison-pratique.fr/wastoren-personnalises-choisir-design,2026-05-19
maison-chaleureuse.com,Séville : quartiers à éviter en un clin d'œil,séville,https://maison-chaleureuse.com/immobilier/quartiers-eviter-seville,2026-05-19
maison-deco-design.fr,Décor contemporain : adoptez le style moderne dans votre intérieur - Maison-deco-design.fr,décor contemporain,https://maison-deco-design.fr/design-moderne-interieur,2026-05-19
maison-deco-design.fr,Idées malines pour optimiser l'espace sous les escaliers - Maison-deco-design.fr,malines optimiser espace,https://maison-deco-design.fr/espace-sous-escaliers-optimisation-style,2026-05-19
maison-deco-design.fr,Élevez votre intérieur avec des étagères en escalier - Maison-deco-design.fr,intérieur étagères escalier,https://maison-deco-design.fr/etagere-escalier-design,2026-05-19
maison-deco-design.fr,Avant/Après : Réagencer sa maison sans extension - Maison-deco-design.fr,avant après,https://maison-deco-design.fr/reagencement-maison-sans-extension,2026-05-19
maison-deco-design.fr,Découvrez la belle Wangentreppe de Stuttgart - Maison-deco-design.fr,belle wangentreppe stuttgart,https://maison-deco-design.fr/wangentreppe-stuttgart-architecture,2026-05-19
maisondulcia.fr,Triso Noir : isoler sa toiture avec cet isolant mince,triso noir,https://maisondulcia.fr/triso-noir-isoler-sa-toiture-avec-cet-isolant-mince,2026-05-19
maisonfjord.fr,Réglage fin course moteurs Somfy : le guide complet,fin course moteurs,https://maisonfjord.fr/reglage-fin-course-moteurs-somfy-le-guide-complet,2026-05-19
maisonfloralis.fr,"Les pièges des baux ruraux : durée, prix, contrat et litiges",pièges baux ruraux,https://maisonfloralis.fr/les-pieges-des-baux-ruraux-duree-prix-contrat-et-litiges,2026-05-19
maisonfloralis.fr,Réparation d'un volet en bois : guide complet,réparation volet bois,https://maisonfloralis.fr/reparation-dun-volet-en-bois-guide-complet,2026-05-19
maisonluminea.fr,Alocasia Black Velvet : entretien et secrets de beauté,alocasia black velvet,https://maisonluminea.fr/alocasia-black-velvet-entretien-et-secrets-de-beaute,2026-05-19
maisonluminea.fr,Odeur canalisation : astuces de grand-mère pour l'éliminer,odeur canalisation,https://maisonluminea.fr/odeur-canalisation-astuces-de-grand-mere-pour-leliminer,2026-05-19
maisons-deco-jardin.com,8 façons d’attacher des rideaux de façon originale,rideaux façon originale,https://maisons-deco-jardin.com/8-facons-dattacher-des-rideaux-de-facon-originale,2026-05-19
maizhome.fr,Le goyavier : tout savoir sur cet arbre fruitier,goyavier,https://maizhome.fr/le-goyavier-tout-savoir-sur-cet-arbre-fruitier,2026-05-19
maizhome.fr,Miscanthus en haie : l'avis complet,miscanthus haie,https://maizhome.fr/miscanthus-en-haie-lavis-complet,2026-05-19
mecaza.fr,Comment acheter un bien immobilier en cryptomonnaie ?,acheter immobilier cryptomonnaie,https://www.mecaza.fr/blog/acheter-maison-cryptomonnaie,2026-05-19
mecaza.fr,How to buy real estate with cryptocurrency?,estate with cryptocurrency,https://www.mecaza.fr/en/blog/acheter-maison-cryptomonnaie,2026-05-19
menuisiersdunord.fr,Types de Fleurs : Guide Visuel Complet avec Photos et Noms 📸,types fleurs,https://menuisiersdunord.fr/types-de-fleurs,2026-05-19
micado-france.fr,Tarte Aux Groseilles Meringuée : La Recette Facile Et Gourmande,tarte groseilles meringuée,https://micado-france.fr/tarte-aux-groseilles-meringuee-recette-facile,2026-05-19
micado-france.fr,Vidéoposte : Comment Accéder à Vos Comptes La Banque Postale Aujourd’hui ?,vidéoposte,https://micado-france.fr/videoposte-acceder-comptes-banque-postale,2026-05-19
miui-france.org,"Cannes 2026 : « Her Private Hell », le film sanglant du réalisateur de Drive qui déçoit la Croisette | Miui-france.org",cannes 2026,https://www.miui-france.org/cannes-2026-her-private-hell-le-film-sanglant-du-realisateur-de-drive-qui-decoit-la-croisette,2026-05-19
miui-france.org,Le maître de l'horreur Pascal Laugier fait son retour saisissant avec un nouveau film sur les vampires | Miui-france.org,maître horreur pascal,https://www.miui-france.org/le-maitre-de-lhorreur-pascal-laugier-fait-son-retour-saisissant-avec-un-nouveau-film-sur-les-vampires,2026-05-19
miui-france.org,"Réseaux informatiques : du modem domestique au cloud, explorer les connexions invisibles qui nous unissent | Miui-france.org",réseaux informatiques,https://www.miui-france.org/reseaux-informatiques-cloud,2026-05-19
miui-france.org,cloud computing Archives | Miui-france.org,cloud computing archives,https://www.miui-france.org/tag/cloud-computing,2026-05-19
miui-france.org,connexions invisibles Archives | Miui-france.org,connexions invisibles archives,https://www.miui-france.org/tag/connexions-invisibles,2026-05-19
miui-france.org,modem domestique Archives | Miui-france.org,modem domestique archives,https://www.miui-france.org/tag/modem-domestique,2026-05-19
miui-france.org,technologie réseau Archives | Miui-france.org,technologie réseau archives,https://www.miui-france.org/tag/technologie-reseau,2026-05-19
monimmeuble.com,​Famille avec enfant : quelle quotité d’assurance emprunteur choisir pour protéger ses proches ?,famille enfant,https://monimmeuble.com/actualite/famille-avec-enfant-quelle-quotite-dassurance-emprunteur-choisir-pour-proteger-ses-proches,2026-05-19
monimmeuble.com,"​L'AISGC, première association internationale des syndics de copropriété",internationale syndics copropriété,https://monimmeuble.com/actualite/laisgc-premiere-association-internationale-des-syndics-de-copropriete,2026-05-19
monimmeuble.com,​Loyer à Paris : la moitié des locataires dépensent plus de 34% de leurs revenus,loyer paris,https://monimmeuble.com/actualite/loyer-a-paris-la-moitie-des-locataires-depensent-plus-de-34-de-leurs-revenus,2026-05-19
monimmeuble.com,​Prêt relais : vraiment plus cher que de vendre avant d'acheter ?,prêt relais,https://monimmeuble.com/actualite/pret-relais-vraiment-plus-cher-que-de-vendre-avant-dacheter,2026-05-19
monimmeuble.com,​Votre syndic vous déçoit ? Voici quand et comment en changer,votre syndic vous,https://monimmeuble.com/actualite/votre-syndic-vous-decoit-voici-quand-et-comment-en-changer,2026-05-19
needl.fr,Comprendre le coût global d'un crédit immobilier : au-delà du seul taux d'intérêt - Needl,coût global crédit,https://needl.fr/comprendre-cout-global-credit-immobilier,2026-05-19
pluscestsimple.com,Habiller l'espace entre les poutres : élégance légère au plafond,espace entre poutres,https://pluscestsimple.com/habiller-espace-poutres-plafond,2026-05-19
pluscestsimple.com,"Salpêtre en cave voûtée : 3 traitements à 2 800 € échouent, découvrez la solution efficace",salpêtre cave voûtée,https://pluscestsimple.com/salpetre-cave-traitements,2026-05-19
publicimmo.com,Calculatrice en m2 en ligne : gagnez du temps sur tous vos projets - Public Immo,calculatrice m2 ligne,https://publicimmo.com/calculatrice-en-m2-en-ligne-gagnez-du-temps-sur-tous-vos-projets,2026-05-19
renovation-astuces.fr,Idées créatives pour aménager votre cuisine ouverte - Renovation astuces,aménager votre cuisine,https://renovation-astuces.fr/amenagement-cuisine-ouverte-idees,2026-05-19
renovation-astuces.fr,Cuisine ouverte : idées pratiques et tendances - Renovation astuces,cuisine ouverte,https://renovation-astuces.fr/cuisine-ouverte-idees-tendances,2026-05-19
renovation-astuces.fr,51 idées inspirantes de cuisines avec îlot central - Renovation astuces,inspirantes cuisines îlot,https://renovation-astuces.fr/idees-cuisine-ilot-central,2026-05-19
renovation-astuces.fr,Des idées de cuisines avec îlots pratiques et stylés - Renovation astuces,cuisines îlots pratiques,https://renovation-astuces.fr/idees-ilots-cuisine-pratiques-styles,2026-05-19
renovation-astuces.fr,"L'îlot de cuisine, le cœur de votre espace repas - Renovation astuces",cuisine cœur votre,https://renovation-astuces.fr/ilot-de-cuisine-coin-repas,2026-05-19
renovation-conseils.fr,Découvrez le motif Herringbone : Style et élégance dans votre déco - Renovation-conseils.fr,découvrez motif herringbone,https://renovation-conseils.fr/motif-herringbone-deco,2026-05-19
renovation-conseils.fr,"Le parquet bâton rompu en chêne, une touche d’élégance - Renovation-conseils.fr",parquet bâton rompu,https://renovation-conseils.fr/parquet-baton-rompu-chene,2026-05-19
renovation-conseils.fr,Le revêtement de sol PVC idéal sans compromis - Renovation-conseils.fr,sol pvc idéal,https://renovation-conseils.fr/revetement-sol-sans-pvc,2026-05-19
renovation-conseils.fr,Le choix parfait de votre sol stratifié en bois - Renovation-conseils.fr,votre sol stratifié,https://renovation-conseils.fr/sol-stratifie-en-bois,2026-05-19
renovation-conseils.fr,Tout savoir sur le chêne : un bois polyvalent et durable - Renovation-conseils.fr,tout savoir chêne,https://renovation-conseils.fr/tout-savoir-sur-le-chene,2026-05-19
renovbox.com,Aides locales à la rénovation énergétique : panorama région par région,locales rénovation énergétique,https://renovbox.com/aides-locales-renovation-panorama,2026-05-19
renovbox.com,Coup de pouce chauffage : sortir des énergies fossiles avec une bonification CEE,coup pouce chauffage,https://renovbox.com/coup-de-pouce-chauffage-energies-fossiles,2026-05-19
renovbox.com,A-Sphère Architectures : architecte à Saint-Pol-de-Léon | Avis - Renovbox,sphère architectures,https://renovbox.com/entreprise/a-sphere-architecture,2026-05-19
renovbox.com,A-Therm : centrale double-flux thermodynamique à Soultz-Haut-Rhin | Avis - Renovbox,therm,https://renovbox.com/entreprise/a-therm,2026-05-19
renovbox.com,AD Renov : entreprise de rénovation intérieure à Sermersheim | Avis - Renovbox,ad renov,https://renovbox.com/entreprise/ad-renov,2026-05-19
renovbox.com,Agence d'Architecture Fanny B. : architecte à Paris 12e | Avis - Renovbox,agence architecture fanny,https://renovbox.com/entreprise/agence-d-architecture-fanny-b,2026-05-19
renovbox.com,"André Nonnenmacher & Fils : peinture, façade et ITE à Brumath | Avis - Renovbox",andré nonnenmacher fils,https://renovbox.com/entreprise/andre-nonnenmacher-fils,2026-05-19
renovbox.com,Antway : génie climatique et pompes à chaleur à Kilstett | Avis - Renovbox,antway,https://renovbox.com/entreprise/antway,2026-05-19
renovbox.com,Arfen : menuiseries et photovoltaïque dans les Ardennes | Avis - Renovbox,arfen,https://renovbox.com/entreprise/arfen,2026-05-19
renovbox.com,Autonomia : photovoltaïque et batteries en Corse | Avis - Renovbox,autonomia,https://renovbox.com/entreprise/autonomia,2026-05-19
renovbox.com,B&M Structure : charpente et couverture à La Réunion | Avis - Renovbox,structure,https://renovbox.com/entreprise/b-m-structure,2026-05-19
renovbox.com,Grimaldi Décoration : peinture et isolation à Brives-Charensac | Avis - Renovbox,grimaldi décoration,https://renovbox.com/entreprise/grimaldi-decoration,2026-05-19
renovbox.com,Habitat RT 2020 : installateur de panneaux solaires à Mérignac | Avis - Renovbox,habitat rt 2020,https://renovbox.com/entreprise/habitat-rt-2020,2026-05-19
renovbox.com,ISC Rénovation : rénovation énergétique à Ozoir-la-Ferrière | Avis - Renovbox,isc rénovation,https://renovbox.com/entreprise/isc-renovation-sas,2026-05-19
renovbox.com,Le Feu à l'âtre : poêles et cheminées à Sézanne | Avis - Renovbox,feu âtre,https://renovbox.com/entreprise/le-feu-a-l-atre,2026-05-19
renovbox.com,Les Ouvertures de votre Habitat : menuiseries à Cherbourg-en-Cotentin | Avis - Renovbox,ouvertures votre habitat,https://renovbox.com/entreprise/les-ouvertures-de-votre-habitat-cherbourg,2026-05-19
renovbox.com,Lestiennes Enr : entreprise de rénovation à Lallaing | Avis - Renovbox,lestiennes enr,https://renovbox.com/entreprise/lestiennes-enr,2026-05-19
renovbox.com,"Ouest Énergies Concepts : plomberie, chauffage et photovoltaïque à Ancenis | Avis - Renovbox",ouest énergies concepts,https://renovbox.com/entreprise/ouest-energies-concepts,2026-05-19
renovbox.com,Overdrive : ingénierie et management de projets à Bordeaux | Avis - Renovbox,overdrive,https://renovbox.com/entreprise/overdrive,2026-05-19
renovbox.com,Sunelio : installateur de panneaux solaires à Sorgues | Avis - Renovbox,sunelio,https://renovbox.com/entreprise/sunelio,2026-05-19
renovbox.com,Sura : rénovation énergétique à Montpellier | Avis - Renovbox,sura,https://renovbox.com/entreprise/sura,2026-05-19
renovbox.com,Loi Denormandie : investir dans l'ancien à rénover et défiscaliser,loi denormandie,https://renovbox.com/loi-denormandie-investir-ancien-renover,2026-05-19
scarletimmobilier.fr,Bienveo | Guide du portail national du logement social,bienveo,https://scarletimmobilier.fr/avis-bienveo-logement-social,2026-05-19
scarletimmobilier.fr,Clim de chambre | Guide pro pour bien choisir en 2026,clim chambre,https://scarletimmobilier.fr/comment-climatiser-une-chambre,2026-05-19
top-maison-confort.fr,14 Chambres à coucher élégantes pour femmes - top-maison-confort.fr,14 chambres coucher,https://top-maison-confort.fr/chambres-a-coucher-elegantes-femmes,2026-05-19
top-maison-confort.fr,Déco de chambre aesthetic : inspirez-vous ! - top-maison-confort.fr,déco chambre aesthetic,https://top-maison-confort.fr/deco-chambre-aesthetic-idees-modern,2026-05-19
top-maison-confort.fr,Idées de chambres minimalistes pour apaiser l'esprit - top-maison-confort.fr,chambres minimalistes apaiser,https://top-maison-confort.fr/idees-chambres-minimalistes-calmes,2026-05-19
top-maison-confort.fr,39 idées de chambres modernes alliant confort et style - top-maison-confort.fr,chambres modernes alliant,https://top-maison-confort.fr/idees-chambres-modernes-style-comfort,2026-05-19
top-maison-confort.fr,Idées déco cosy pour un hiver chaleureux - top-maison-confort.fr,cosy hiver chaleureux,https://top-maison-confort.fr/idees-deco-cosy-hiver,2026-05-19
travaux-astuces.fr,Découvrez 24 astuces surprenantes à faire avec du WD-40 - Travaux-astuces.fr,découvrez 24 astuces,https://travaux-astuces.fr/astuces-utiliser-wd-40,2026-05-19
travaux-astuces.fr,Découvrez comment économiser de l'énergie avec Linky - Travaux-astuces.fr,économiser énergie linky,https://travaux-astuces.fr/economies-energie-compteur-linky,2026-05-19
travaux-astuces.fr,Mesurer sans mètre : astuces pratiques et faciles - Travaux-astuces.fr,mesurer sans mètre,https://travaux-astuces.fr/mesurer-sans-metre,2026-05-19
travaux-astuces.fr,Nettoyez facilement vos joints de carrelage noircis - Travaux-astuces.fr,joints carrelage noircis,https://travaux-astuces.fr/nettoyage-joints-carrelage-noircis,2026-05-19
travaux-astuces.fr,Comment nettoyer facilement les dalles de votre terrasse - Travaux-astuces.fr,dalles votre terrasse,https://travaux-astuces.fr/nettoyer-dalles-terrasse-facilement,2026-05-19
travaux-magazine.fr,Aménager une table de nuit avec créativité - Travaux-magazine.fr,table nuit créativité,https://travaux-magazine.fr/amenager-table-nuit-creativite,2026-05-19
travaux-magazine.fr,Transformez vos meubles avec du papier peint - Travaux-magazine.fr,transformez vos meubles,https://travaux-magazine.fr/papier-peint-meubles,2026-05-19
travaux-magazine.fr,Comment poser du parquet chez soi facilement - Travaux-magazine.fr,parquet chez soi,https://travaux-magazine.fr/poser-parquet-facilement,2026-05-19
travaux-magazine.fr,Comment poser du revêtement de sol en vinyle facilement - Travaux-magazine.fr,revêtement sol vinyle,https://travaux-magazine.fr/poser-revetement-sol-vinyle,2026-05-19
travaux-magazine.fr,10 astuces pour rénover vos armoires de cuisine sans tout remplacer - Travaux-magazine.fr,vos armoires cuisine,https://travaux-magazine.fr/renover-armoires-cuisine-sans-les-remplacer,2026-05-19
travaux-specialistes.fr,Créez une étagère sur mesure sans clous ni vis - Travaux-specialistes.fr,étagère mesure sans,https://travaux-specialistes.fr/etagere-sur-mesure-sans-clous,2026-05-19
travaux-specialistes.fr,28 idées pour un placard d'entrée bien organisé - Travaux-specialistes.fr,28 idées placard,https://travaux-specialistes.fr/idees-amenagement-placard-entree,2026-05-19
travaux-specialistes.fr,Comment donner un look intégré à votre armoire Pax d'Ikea - Travaux-specialistes.fr,votre armoire pax,https://travaux-specialistes.fr/look-integre-armoire-pax-ikea,2026-05-19
travaux-specialistes.fr,Optimisez votre espace de rangement dans le placard - Travaux-specialistes.fr,espace rangement placard,https://travaux-specialistes.fr/optimiser-espace-rangement-placard,2026-05-19
www.agence-etoile.fr,11th BREGUET SABIN-PARMENTIER / RUE BOULLE: 2-ROOM FURNISHED APARTMENT - Agence Etoile,rue boulle room,https://www.agence-etoile.fr/en/property/11th-breguet-sabin-parmentier-rue-boulle-2-room-furnished-apartment,2026-05-19
www.agence-etoile.fr,BOX 43 BD RABATAU 13008 MARSEILLE - Agence Etoile,box 43 bd,https://www.agence-etoile.fr/en/property/box-43-bd-rabatau-13008-marseille-2,2026-05-19
www.agence-etoile.fr,SEXTIUS/VAN LOO COURTS: FURNISHED STUDIO FOR SALE - Agence Etoile,courts furnished studio,https://www.agence-etoile.fr/en/property/sextius-van-loo-courts-furnished-studio-for-sale,2026-05-19
www.agence-etoile.fr,TYPE 2 - NEAR PERIER METRO - Agence Etoile,type,https://www.agence-etoile.fr/en/property/type-2-near-perier-metro,2026-05-19
www.agence-etoile.fr,Assistant(e) de copropriété Paris - Agence Etoile,assistant copropriété paris,https://www.agence-etoile.fr/offres-demplois/assistante-de-copropriete-paris,2026-05-19
www.agence-etoile.fr,11ème BREGUET SABIN-PARMENTIER / RUE BOULLE : 2 PIÈCES MEUB - Agence Etoile,sabin parmentier rue,https://www.agence-etoile.fr/property/11eme-breguet-sabin-parmentier-rue-boulle-2-pieces-meub,2026-05-19
www.agence-etoile.fr,BOX 43 BD RABATAU 13008 MARSEILLE - Agence Etoile,box 43 bd,https://www.agence-etoile.fr/property/box-43-bd-rabatau-13008-marseille,2026-05-19
www.agence-etoile.fr,COURS SEXTIUS/VAN LOO : STUDIO MEUBLÉ À VENDRE - Agence Etoile,sextius van loo,https://www.agence-etoile.fr/property/cours-sextius-van-loo-studio-meuble-a-vendre,2026-05-19
www.agence-etoile.fr,TYPE 2 - PROXIMITE METRO PERIER - Agence Etoile,type,https://www.agence-etoile.fr/property/type-2-proximite-metro-perier,2026-05-19
www.agencedesalpes.com,You signed up for our newsletter! - Agence des Alpes,our newsletter,https://agencedesalpes.com/en/you-signed-up-for-our-newsletter,2026-05-19
www.agencedesalpes.com,Vous êtes inscrit à notre newsletter ! - Agence des Alpes,inscrit notre newsletter,https://agencedesalpes.com/vous-etes-inscrit-a-notre-newsletter,2026-05-19
www.aidologement.com,Pourquoi passer par un courtier en assurance,pourquoi passer courtier,https://www.aidologement.com/courtier-en-assurance-2,2026-05-19
www.aidologement.com,"Merule sur bois de chauffage , 5 réflexes pour la maison",chauffage réflexes maison,https://www.aidologement.com/merule-sur-bois-de-chauffage,2026-05-19
www.aidologement.com,"Prix rénovation complète m2, tarifs 2025 pour votre budget",prix rénovation complète,https://www.aidologement.com/prix-renovation-complete-m2,2026-05-19
www.ameliorer-mon-logement.fr,Qui doit faire les travaux pour la fibre ?,faire travaux fibre,https://www.ameliorer-mon-logement.fr/qui-doit-faire-les-travaux-pour-la-fibre,2026-05-19
www.amv-immo.fr,Décrypter un tableau d'amortissement immobilier,décrypter tableau amortissement,https://www.amv-immo.fr/comprendre-un-tableau-damortissement-pour-pret-immobilier,2026-05-19
www.amv-immo.fr,Économisez en 2026 : Guide pour renégocier votre prêt immobilier,économisez 2026,https://www.amv-immo.fr/renegocier-son-pret-immobilier-quelles-etapes-pour-economiser-en-2026,2026-05-19
www.astuceimmo.fr,Débarras de maison après succession : démarches et coûts,maison après succession,https://www.astuceimmo.fr/debarras-de-maison-apres-succession,2026-05-19
www.astuceimmo.fr,Éliminer les traces blanches sur un receveur noir : astuces efficaces,blanches receveur noir,https://www.astuceimmo.fr/eviter-traces-blanches-receveur,2026-05-19
www.bambinsdeco.com,"Blatte de jardin, comment reconnaître cet insecte inoffensif ?",reconnaître cet insecte,https://www.bambinsdeco.com/blatte-de-jardin,2026-05-19
www.bambinsdeco.com,Caméra de surveillance : que vérifier avant l'installation ?,caméra surveillance,https://www.bambinsdeco.com/camera,2026-05-19
www.bambinsdeco.com,Peut on enterrer des gravats sur son terrain ? Lois et sanctions,enterrer gravats,https://www.bambinsdeco.com/peut-on-enterrer-des-gravats-sur-son-terrain,2026-05-19
www.bambinsdeco.com,"Plan cabane en palette, les étapes pour construire en sécurité",cabane palette étapes,https://www.bambinsdeco.com/plan-cabane-en-palette,2026-05-19
www.bambinsdeco.com,"Serrure 3 points Fichet, sécurité et compatibilité",serrure points fichet,https://www.bambinsdeco.com/serrure-3-points-fichet,2026-05-19
www.bambinsdeco.com,"Serrure vitrine verre sans perçage, convient-elle à votre porte ?",serrure vitrine verre,https://www.bambinsdeco.com/serrure-vitrine-verre,2026-05-19
www.blueprintforsafety.org,Voyage au Maroc : comment calculer vos dépenses avec dh to Euros ? - Blueprint For Safety,voyage maroc,https://www.blueprintforsafety.org/voyage-au-maroc-comment-calculer-vos-depenses-avec-dh-to-euros,2026-05-19
www.burov.com,Aménagement petit appart : les 7 astuces pour optimiser l'espace intérieur,aménagement petit appart,https://www.burov.com/amenagement-petit-appart,2026-05-19
www.burov.com,Consommation bain d'huile : le coût réel est-il rentable pour vous ?,consommation bain huile,https://www.burov.com/consommation-bain-d-huile,2026-05-19
www.cap-btp.com,"Beau beau blog , les tendances déco intérieure durable",intérieure durable,https://www.cap-btp.com/beau-beau-blog,2026-05-19
www.cap-btp.com,"Elise Tielrooy compagnon , qui partage la vie de l'actrice ?",elise tielrooy compagnon,https://www.cap-btp.com/elise-tielrooy-compagnon,2026-05-19
www.cap-btp.com,Papillon colibri ou oiseau ? Identifiez enfin le Moro-sphinx,enfin moro sphinx,https://www.cap-btp.com/papillon-colibri,2026-05-19
www.cap-btp.com,"Tête de lit à faire soi même , 10 idées originales",10 idées originales,https://www.cap-btp.com/tete-de-lit-a-faire-soi-meme,2026-05-19
www.cle-immobilier.net,"Annuler un préavis de location pour rester dans le logement, est-ce la bonne stratégie ? - CLE Immobilier",rester logement est,https://www.cle-immobilier.net/annuler-un-preavis-de-location-pour-rester-dans-le-logement-est-ce-la-bonne-strategie,2026-05-19
www.coquillagesclaude.fr,"Brûlure de congélation sur fruits de mer : identifier, comprendre et prévenir",brûlure congélation fruits,https://www.coquillagesclaude.fr/brulure-congelation-fruits-mer,2026-05-19
www.coupefile-immobilier.com,Prop.itea : comprendre chaque rubrique du bureau propriétaire pas à pas - Coupefile Immobilier,prop itea,https://www.coupefile-immobilier.com/prop-itea-comprendre-chaque-rubrique-du-bureau-proprietaire-pas-a-pas,2026-05-19
www.decodambiance.com,Quel mur peindre en couleur dans une cuisine ?,mur peindre couleur,https://www.decodambiance.com/quel-mur-peindre-en-couleur-dans-une-cuisine,2026-05-19
www.experts-immobilier.fr,"Tranquillité, soleil et jardin : pourquoi opter pour une Location Villa Essaouira avec Piscine longue durée - Experts Immobilier",tranquillité soleil jardin,https://www.experts-immobilier.fr/tranquillite-soleil-et-jardin-pourquoi-opter-pour-une-location-villa-essaouira-avec-piscine-longue-duree,2026-05-19
www.france-initiative.fr,Revente PTZ : stratégies et obligations à maîtriser,revente ptz,https://www.france-initiative.fr/article/revente-ptz-strategies-et-obligations-a-maitriser,2026-05-19
www.frci-idf.com,"Calcul impot sur la plus value immobiliere : le calcul exact, comment l'obtenir ?",plus value immobiliere,https://www.frci-idf.com/calcul-impot-sur-la-plus-value-immobiliere,2026-05-19
www.frci-idf.com,Épargne immobilière : Le meilleur placement pour constituer un apport ?,épargne immobilière,https://www.frci-idf.com/epargne-immobiliere,2026-05-19
www.frci-idf.com,Lcl vie avis : le rendement est-il avantageux face aux frais élevés ?,lcl vie avis,https://www.frci-idf.com/lcl-vie-avis,2026-05-19
www.frci-idf.com,P and l definition : le calcul pour mesurer la rentabilité réelle,,https://www.frci-idf.com/p-and-l-definition,2026-05-19
www.gvu-immo.com,"Appartement à Aix-les-Bains (73100), 4 pièces, de 76m² à 265 000 €",aix bains 73100,https://www.gvu-immo.com/annonce/appartement-a-aix-les-bains-73100-4-pieces-11210,2026-05-19
www.gvu-immo.com,"Appartement à Aix-les-Bains (73100), 4 pièces, de 100m² à 425 000 €",aix bains 73100,https://www.gvu-immo.com/annonce/appartement-a-aix-les-bains-73100-4-pieces-11211,2026-05-19
www.gvu-immo.com,"Appartement à Aix-les-Bains (73100), 4 pièces, de 100m² à 425 000 €",aix bains 73100,https://www.gvu-immo.com/annonce/appartement-a-aix-les-bains-73100-4-pieces-11212,2026-05-19
www.gvu-immo.com,"Appartement à Annecy (74000), 4 pièces, de 82m² à 524 000 €",appartement annecy 74000,https://www.gvu-immo.com/annonce/appartement-a-annecy-74000-4-pieces-11209,2026-05-19
www.gvu-immo.com,"Appartement à Annecy (74000), 4 pièces, de 88m² à 490 000 €",annecy 74000 pièces,https://www.gvu-immo.com/annonce/appartement-a-annecy-74000-4-pieces-11216,2026-05-19
www.gvu-immo.com,"Appartement à Annecy (74000), 5 pièces, de 107m² à 769 000 €",annecy 74000 pièces,https://www.gvu-immo.com/annonce/appartement-a-annecy-74000-5-pieces-11208,2026-05-19
www.gvu-immo.com,"Appartement à Annecy (74000), 5 pièces, de 111m² à 803 600 €",annecy 74000 pièces,https://www.gvu-immo.com/annonce/appartement-a-annecy-74000-5-pieces-11215,2026-05-19
www.gvu-immo.com,"Appartement à Chambéry (73000), 3 pièces, de 67m² à 155 000 €",appartement chambéry 73000,https://www.gvu-immo.com/annonce/appartement-a-chambery-73000-3-pieces-11200,2026-05-19
www.gvu-immo.com,"Appartement à Chambéry (73000), 4 pièces, de 64m² à 185 000 €",appartement chambéry 73000,https://www.gvu-immo.com/annonce/appartement-a-chambery-73000-4-pieces-11201,2026-05-19
www.gvu-immo.com,"Appartement à Grésy-sur-Aix (73100), 3 pièces, de 72m² à 240 000 €",aix 73100 pièces,https://www.gvu-immo.com/annonce/appartement-a-gresy-sur-aix-73100-3-pieces-11202,2026-05-19
www.gvu-immo.com,"Appartement à Grésy-sur-Aix (73100), 4 pièces, de 109m² à 239 000 €",aix 73100 pièces,https://www.gvu-immo.com/annonce/appartement-a-gresy-sur-aix-73100-4-pieces-11214,2026-05-19
www.gvu-immo.com,"Duplex à Chambéry (73000), 4 pièces, de 88m² à 230 000 €",duplex chambéry 73000,https://www.gvu-immo.com/annonce/duplex-a-chambery-73000-4-pieces-11203,2026-05-19
www.gvu-immo.com,"Parking à Aix-les-Bains (73100), pièces, de 33m² à 38 000 €",parking aix bains,https://www.gvu-immo.com/annonce/parking-a-aix-les-bains-73100-pieces-11205,2026-05-19
www.gvu-immo.com,"Propriété à Tresserve (73100), 7 pièces, de 219m² à 895 000 €",tresserve 73100 pièces,https://www.gvu-immo.com/annonce/propriete-a-tresserve-73100-7-pieces-11204,2026-05-19
www.gvu-immo.com,"Terrain à Grésy-sur-Aix (73100), pièces, de 953m² à 295 000 €",terrain grésy aix,https://www.gvu-immo.com/annonce/terrain-a-gresy-sur-aix-73100-pieces-11213,2026-05-19
www.gvu-immo.com,"Villa à Aix-les-Bains (73100), 6 pièces, de 140m² à 890 000 €",villa aix bains,https://www.gvu-immo.com/annonce/villa-a-aix-les-bains-73100-6-pieces-11207,2026-05-19
www.gvu-immo.com,"Villa à Magnieu (01300), 4 pièces, de 145m² à 400 000 €",villa magnieu 01300,https://www.gvu-immo.com/annonce/villa-a-magnieu-01300-4-pieces-11206,2026-05-19
www.gvu-immo.com,Propriété : immobilier Tresserve,propriété,https://www.gvu-immo.com/immobilier/propriete/tresserve-73100,2026-05-19
www.habitat-groupe.be,3 ou 4 femmes dans une grande maison - Habitat Groupé Solidaire,femmes grande maison,https://www.habitat-groupe.be/petites-annonces/creation-groupe/brabant-wallon/3-ou-4-femmes-dans-une-grande-maison,2026-05-19
www.habitat-groupe.be,"Recherche logement sur uccle, foret, st-gilles, ixelles - Habitat Groupé Solidaire",recherche logement uccle,https://www.habitat-groupe.be/petites-annonces/divers/bruxelles/recherche-logement-sur-uccle-foret-st-gilles-ixelles,2026-05-19
www.habitat-groupe.be,Mini-maison 1chambre dans habitat participatif à Fisenne - Habitat Groupé Solidaire,maison 1chambre habitat,https://www.habitat-groupe.be/petites-annonces/offres-location/luxembourg/mini-maison-1chambre-dans-habitat-participatif-a-fisenne,2026-05-19
www.habitatparticipatif.net,"Apgis mutuelle avis , les remboursements sont-ils fiables ?",remboursements sont ils,https://www.habitatparticipatif.net/apgis-mutuelle-avis,2026-05-19
www.habitatparticipatif.net,Comment faire estimer sa maison gratuitement pour succession ?,maison gratuitement succession,https://www.habitatparticipatif.net/comment-faire-estimer-sa-maison-gratuitement-pour-succession,2026-05-19
www.habitatparticipatif.net,"Leboncoin immobilier, la stratégie pour bien comparer les offres",leboncoin immobilier stratégie,https://www.habitatparticipatif.net/leboncoin-immobilier,2026-05-19
www.hebertimmobilier.fr,"Penthouse Definition: Meaning, Features & Advantages Explained",penthouse meaning features,https://www.hebertimmobilier.fr/immobilier/penthouse-definition,2026-05-19
www.homedome.fr,5 idées déco sympas pour la maison - Home Dome,déco sympas maison,https://www.homedome.fr/5-idees-deco-sympas-pour-la-maison,2026-05-19
www.homedome.fr,Achat de meubles et décorations tendance : Guide complet,meubles décorations tendance,https://www.homedome.fr/achat-de-meubles-et-decorations-tendance-guide-complet,2026-05-19
www.homedome.fr,Autoconsommation solaire : comment produire et consommer sa propre énergie ? - Home Dome,autoconsommation solaire,https://www.homedome.fr/autoconsommation-solaire-comment-produire-et-consommer-sa-propre-energie,2026-05-19
www.homedome.fr,Bâche : comment bien couvrir une piscine sans effort ? - Home Dome,bâche,https://www.homedome.fr/bache-comment-bien-couvrir-une-piscine-sans-effort,2026-05-19
www.homedome.fr,Bâche de pergola sur mesure : de bonnes raisons de l’acheter - Home Dome,bâche pergola mesure,https://www.homedome.fr/bache-de-pergola-sur-mesure-de-bonnes-raisons-de-lacheter,2026-05-19
www.homedome.fr,Calcul cubage déménagement : Comment estimer volume à déménager ? - Home Dome,calcul cubage déménagement,https://www.homedome.fr/calcul-cubage-demenagement-comment-estimer-volume-a-demenager,2026-05-19
www.homedome.fr,Calcul m3 de béton pour escalier : méthode étape par étape pour bricoleurs - Home Dome,m3 béton escalier,https://www.homedome.fr/calcul-m3-de-beton-pour-escalier-methode-etape-par-etape-pour-bricoleurs,2026-05-19
www.homedome.fr,Comparatif modèle de tondeuse : comment faire un bon choix ? - Home Dome,comparatif modèle tondeuse,https://www.homedome.fr/comparatif-modele-de-tondeuse-comment-faire-un-bon-choix,2026-05-19
www.homedome.fr,Conseils pour la décoration des murs d'une maison de campagne - Home Dome,décoration murs maison,https://www.homedome.fr/conseils-pour-la-decoration-des-murs-dune-maison-de-campagne,2026-05-19
www.homedome.fr,Dans quels cas enclencher son alarme de maison ? - Home Dome,enclencher son alarme,https://www.homedome.fr/dans-quels-cas-enclencher-son-alarme-de-maison,2026-05-19
www.homedome.fr,Dépannage et arnaque : attention à bien choisir son serrurier - Home Dome,dépannage arnaque,https://www.homedome.fr/depannage-arnaque-attention-a-bien-choisir-serrurier,2026-05-19
www.homedome.fr,Durée de vie pompe à chaleur pour piscine : que faut-il savoir ? - Home Dome,pompe chaleur piscine,https://www.homedome.fr/duree-de-vie-pompe-a-chaleur-pour-piscine-que-faut-il-savoir,2026-05-19
www.homedome.fr,Éliminer les algues de sa piscine : astuces efficaces pour un bassin impeccable - Home Dome,algues sa piscine,https://www.homedome.fr/eliminer-les-algues-de-sa-piscine-astuces-efficaces-pour-un-bassin-impeccable,2026-05-19
www.homedome.fr,Engazonnement et plantations : quels sont les différentes alternatives et leurs avantages pour votre jardin ? - Home Dome,engazonnement plantations,https://www.homedome.fr/engazonnement-et-plantations-quels-sont-les-differentes-alternatives-et-leurs-avantages-pour-votre-jardin,2026-05-19
www.homedome.fr,Figurines et maquettes : une idée déco pour la chambre de votre adolescent - Home Dome,figurines maquettes,https://www.homedome.fr/figurines-et-maquettes-une-idee-deco-pour-la-chambre-de-votre-adolescent,2026-05-19
www.homedome.fr,Le Havre : une ville dynamique et attractive pour un achat immobilier - Home Dome,havre,https://www.homedome.fr/le-havre-une-ville-dynamique-et-attractive-pour-un-achat-immobilier,2026-05-19
www.homedome.fr,Le jaune : un atout pour votre design d'intérieur - Home Dome,jaune,https://www.homedome.fr/le-jaune-un-atout-pour-votre-design-dinterieur,2026-05-19
www.homedome.fr,Location d’utilitaire Bordeaux : le bon véhicule au bon moment,location utilitaire bordeaux,https://www.homedome.fr/location-dutilitaire-a-bordeaux-indispensable-pour-un-demenagement-ou-un-transport-professionnel,2026-05-19
www.homedome.fr,Parasol voile d'ombre : une touche d'élégance pour votre espace extérieur - Home Dome,parasol voile ombre,https://www.homedome.fr/parasol-voile-dombre-une-touche-delegance-pour-votre-espace-exterieur,2026-05-19
www.homedome.fr,Peut-on faire pousser un manguier chez soi en France ? - Home Dome,faire pousser manguier,https://www.homedome.fr/peut-on-faire-pousser-un-manguier-chez-soi-en-france,2026-05-19
www.homedome.fr,Pourquoi faire appel à un fabricant de menuiserie alu pour votre aménagement extérieur ? - Home Dome,menuiserie alu votre,https://www.homedome.fr/pourquoi-faire-appel-a-un-fabricant-de-menuiserie-alu-pour-votre-amenagement-exterieur,2026-05-19
www.homedome.fr,Sécurisez votre maison : pourquoi choisir le système Ajax Hub 2 Plus ? - Home Dome,sécurisez votre maison,https://www.homedome.fr/securisez-votre-maison-pourquoi-choisir-le-systeme-ajax-hub-2-plus,2026-05-19
www.homedome.fr,Découvrez les avantages du tube en acier rond pour vos réalisations,découvrez avantages tube,https://www.homedome.fr/trouver-un-tube-en-acier-rond-un-materiau-polyvalent-pour-vos-projets,2026-05-19
www.homedome.fr,Ziaway : Votre courtier immobilier innovant pour maximiser la vente de votre propriété - Home Dome,ziaway,https://www.homedome.fr/ziaway-votre-courtier-immobilier-innovant-pour-maximiser-la-vente-de-votre-propriete,2026-05-19
www.immo-land.fr,Changer de fournisseur d'électricité : pourquoi tant de Français franchissent le pas ? - Immo-Land,changer fournisseur électricité,https://www.immo-land.fr/changer-de-fournisseur-electricite,2026-05-19
www.immob.biz,Isolation de toiture par l’intérieur ou l’extérieur : que choisir pour votre maison à Dijon ? - Immo B,isolation toiture intérieur,http://www.immob.biz/isolation-de-toiture-par-linterieur-ou-lexterieur-que-choisir-pour-votre-maison-a-dijon,2026-05-19
www.immob.biz,Manuel rénovation renovimmopro.fr : la solution pour comparer devis et scénarios de travaux - Immo B,manuel rénovation renovimmopro,http://www.immob.biz/manuel-renovation-renovimmopro-fr-la-solution-pour-comparer-devis-et-scenarios-de-travaux,2026-05-19
www.immobilier-web.fr,Appart haussmannien dernier étage : charme fou ou galère au quotidien ? - Immobilier Web,haussmannien dernier étage,https://www.immobilier-web.fr/appart-haussmannien-dernier-etage-charme-fou-ou-galere-au-quotidien,2026-05-19
www.immoguru.fr,Assurance habitation : comment négocier son devis ? - ImmoGuru,assurance habitation,https://www.immoguru.fr/assurance-habitation-comment-negocier-son-devis,2026-05-19
www.immoguru.fr,Messagerie CONVERGENCE Toulouse : organiser sa boîte mail comme un pro - ImmoGuru,messagerie convergence toulouse,https://www.immoguru.fr/messagerie-convergence-toulouse-organiser-sa-boite-mail-comme-un-pro,2026-05-19
www.immomatin.com,"A. Rollin, DG Casavo France :« En France, nous voulons passer de 150 à 300 conseillers en deux ans » - Immo Matin",300 conseillers deux,https://www.immomatin.com/franchise/reseau-mandataires/en-france-nous-voulons-passer-de-150-a-300-conseillers-en-deux-ans-a-rollin-dg-casavo.html,2026-05-19
www.immoproxima.fr,Faut-il faire confiance à Orpi Invest Immo prise Avis en 2026 ? - Immo Proxima,confiance orpi invest,https://www.immoproxima.fr/faut-il-faire-confiance-a-orpi-invest-immo-prise-avis-en-2026,2026-05-19
www.immorush.fr,Comment trouver la Maison à vendre Normandie Bord de mer idéale ? - ImmoRush,maison vendre normandie,https://www.immorush.fr/comment-trouver-la-maison-a-vendre-normandie-bord-de-mer-ideale,2026-05-19
www.jardinot.org,"Accessoire pour store banne, 10 solutions pour l'entretien",accessoire store banne,https://www.jardinot.org/accessoire-pour-store-banne-2,2026-05-19
www.jardinot.org,"Désherbant glyphosate , quelles solutions légales au jardin ?",désherbant glyphosate quelles,https://www.jardinot.org/desherbant-glyphosate,2026-05-19
www.jardinot.org,"Gestion locative, mandat ou gestion directe, comment choisir ?",gestion directe choisir,https://www.jardinot.org/gestion-locative,2026-05-19
www.jardinot.org,"Serrure de porte salle de bain, choisir la bonne option",serrure porte salle,https://www.jardinot.org/serrure-de-porte-salle-de-bain,2026-05-19
www.jardipedia.com,"Durée de vie framboisier, comment rajeunir vos plants ?",rajeunir vos plants,https://www.jardipedia.com/duree-de-vie-framboisier,2026-05-19
www.la-loipinel.fr,,,https://www.la-loipinel.fr/manille-quartier-chaud,2026-05-19
www.lamaisondechloe.fr,Jardinage urbain : les contenants en toile technique pour petits espaces,jardinage urbain,https://www.lamaisondechloe.fr/jardinage-urbain-les-contenants-en-toile-technique-pour-petits-espaces,2026-05-19
www.leemo.fr,Élisabeth Borne : fortune et avenir dévoilés,élisabeth borne,https://www.leemo.fr/fortune-elisabeth-borne,2026-05-19
www.lejsd.com,Envoyer des ondes positives : guide pratique – Le JSD,envoyer ondes positives,https://www.lejsd.com/envoyer-ondes-positives-guide-pratique,2026-05-19
www.lejsd.com,Éveil de la conscience : comment éveiller sa conscience spirituelle et l’élever – Le JSD,éveil conscience,https://www.lejsd.com/eveil-conscience-comment-eveiller-sa-conscience-spirituelle-lelever,2026-05-19
www.lejsd.com,Heure miroir 05h55 : signification pour les célibataires en amour – Le JSD,heure miroir 05h55,https://www.lejsd.com/heure-miroir-05h55-signification-celibataires-amour,2026-05-19
www.lejsd.com,Signes subtils d’une fille timide amoureuse – Le JSD,fille timide amoureuse,https://www.lejsd.com/signes-subtils-dune-fille-timide-amoureuse,2026-05-19
www.ma-propriete.fr,Magnifique domaine provençal en plein coeur du Luberon | MA-PROPRIETE.FR,magnifique domaine provençal,https://www.ma-propriete.fr/fr/equestre/proprietes-equestres/alpes-de-haute-provence/magnifique-domaine-provencal-en-plein-coeur-du-luberon,2026-05-19
www.ma-propriete.fr,Propriete à vendre 5 pièces ARCONSAT (63) | MA-PROPRIETE.FR,vendre pièces arconsat,https://www.ma-propriete.fr/fr/equestre/proprietes-equestres/puy-de-dome/propriete-a-vendre-5-pieces-arconsat-63,2026-05-19
www.ma-propriete.fr,Vente de forêts et bois dans le Var (83) - Provence-Alpes-Côte-D'Azur | MA-PROPRIETE.FR,vente forêts bois,https://www.ma-propriete.fr/fr/forestiere/bois-et-forets/departement/var,2026-05-19
www.ma-propriete.fr,Ancien relais de poste avec domaine agricole à Forcalquier (04300) | MA-PROPRIETE.FR,domaine agricole forcalquier,https://www.ma-propriete.fr/fr/prestige/domaines-agricoles/alpes-de-haute-provence/ancien-relais-de-poste-avec-domaine-agricole-a-forcalquier-04300,2026-05-19
www.ma-propriete.fr,Propriété agricole | MA-PROPRIETE.FR,propriété agricole,https://www.ma-propriete.fr/fr/prestige/maison-de-maitre-belle-demeure/aude/propriete-agricole-312,2026-05-19
www.ma-propriete.fr,Villa Vallespir - Caractère unique et savoir-faire authentique à Anduze | MA-PROPRIETE.FR,villa vallespir,https://www.ma-propriete.fr/fr/prestige/maison-de-maitre-belle-demeure/gard/villa-vallespir-caractere-unique-et-savoir-faire-authentique-a-anduze,2026-05-19
www.ma-propriete.fr,Très beau domaine en Haut Quercy | MA-PROPRIETE.FR,domaine haut quercy,https://www.ma-propriete.fr/fr/prestige/maison-de-maitre-belle-demeure/lot/tres-beau-domaine-en-haut-quercy-1,2026-05-19
www.ma-propriete.fr,Maison Bourgeoise du XVIII | MA-PROPRIETE.FR,maison bourgeoise xviii,https://www.ma-propriete.fr/fr/prestige/maison-de-maitre-belle-demeure/vaucluse/maison-bourgeoise-du-xviii,2026-05-19
www.ma-propriete.fr,Mas Provençal du 18ème Siècle | MA-PROPRIETE.FR,provençal 18ème siècle,https://www.ma-propriete.fr/fr/prestige/maison-de-maitre-belle-demeure/vaucluse/mas-provencal-du-18eme-siecle,2026-05-19
www.ma-propriete.fr,Ferme à vendre 7 pièces Villeneuve ASSAIS LES JUMEAUX (79) | MA-PROPRIETE.FR,villeneuve assais jumeaux,https://www.ma-propriete.fr/fr/rurale/ferme-grange-mas/deux-sevres/ferme-a-vendre-7-pieces-villeneuve-assais-les-jumeaux-79-2,2026-05-19
www.ma-propriete.fr,"Vers Anduze, propriété de caractère avec fort potentiel | MA-PROPRIETE.FR",propriété caractère fort,https://www.ma-propriete.fr/fr/rurale/maison-de-campagne/gard/vers-anduze-propriete-de-caractere-avec-fort-potentiel,2026-05-19
www.ma-propriete.fr,Maison Familiale en Campagne | MA-PROPRIETE.FR,maison familiale campagne,https://www.ma-propriete.fr/fr/rurale/maison-de-campagne/vaucluse/maison-familiale-en-campagne,2026-05-19
www.ma-propriete.fr,Mas en pierre de caractère - Fort potentiel - Idéal projet touristique ou événementiel - activité viticole | MA-PROPRIETE.FR,mas pierre caractère,https://www.ma-propriete.fr/fr/touristique/gites/gard/mas-en-pierre-de-caractere-fort-potentiel-ideal-projet-touristique-ou-evenementiel-activite-viticole,2026-05-19
www.ma-propriete.fr,Domaine touristique à vendre - Achat Vente Gîtes et Campings | MA-PROPRIETE.FR,domaine touristique vendre,https://www.ma-propriete.fr/fr/touristique/gites/hautes-pyrenees/dpt-hautes-pyrenees-tarbes-nord-a-vendre-gites-de-300-m2-sur-2775-m2-de-terrain-avec-piscine,2026-05-19
www.ma-propriete.fr,Domaine Viticole au coeur de l'AOP Ventoux | MA-PROPRIETE.FR,viticole coeur aop,https://www.ma-propriete.fr/fr/viticole/vallee-du-rhone/vaucluse/domaine-viticole-au-coeur-de-laop-ventoux,2026-05-19
www.maison-poincare.fr,Comment bien se faire accompagner pour acheter dans le neuf ? - Maison Poincaré,faire accompagner acheter,https://www.maison-poincare.fr/immobilier/acheter-dans-le-neuf,2026-05-19
www.maison-poincare.fr,Lit contre mur : découvre comment l'aménager correctement,lit contre mur,https://www.maison-poincare.fr/maison/lit-contre-mur,2026-05-19
www.maison-poincare.fr,Meuble salle de bain destock : Économise jusqu'à 60%,salle bain destock,https://www.maison-poincare.fr/maison/meuble-salle-de-bain-destock,2026-05-19
www.maison-poincare.fr,Oqoro : Découvre comment gérer ta location meublée,oqoro,https://www.maison-poincare.fr/maison/oqoro-2,2026-05-19
www.maison-poincare.fr,Pourquoi choisir un profilé PVC pour ses fenêtres ? - Maison Poincaré,pourquoi choisir profilé,https://www.maison-poincare.fr/maison/pourquoi-choisir-un-profile-pvc-pour-ses-fenetres,2026-05-19
www.maison-poincare.fr,Chambre sous comble très bas : aménage ton espace,chambre sous comble,https://www.maison-poincare.fr/travaux/chambre-sous-comble-tres-bas,2026-05-19
www.maison-poincare.fr,Champignon blanc sur poutre en bois : traite et élimine,champignon blanc poutre,https://www.maison-poincare.fr/travaux/champignon-blanc-sur-poutre-en-bois,2026-05-19
www.maison-poincare.fr,Cheville dans placoplatre : Bien la choisir et l'installer,cheville placoplatre,https://www.maison-poincare.fr/travaux/cheville-dans-placoplatre,2026-05-19
www.maison-poincare.fr,Comment démonter un robinet : maîtrise les étapes clés,démonter robinet,https://www.maison-poincare.fr/travaux/comment-demonter-un-robinet,2026-05-19
www.maison-poincare.fr,Dosage pour une chape de 5 cm : réussis ta pose,dosage chape cm,https://www.maison-poincare.fr/travaux/dosage-pour-une-chape-de-5-cm,2026-05-19
www.maison-poincare.fr,Dosage ragréage : maîtrise les bonnes proportions,dosage ragréage,https://www.maison-poincare.fr/travaux/dosage-ragreage,2026-05-19
www.maison-poincare.fr,Enlever la colle à carrelage : méthodes et astuces efficaces,enlever colle carrelage,https://www.maison-poincare.fr/travaux/enlever-la-colle-a-carrelage,2026-05-19
www.maison-poincare.fr,Rallonger cable electriqu : apprenez à le faire en toute sécurité,rallonger cable electriqu,https://www.maison-poincare.fr/travaux/rallonger-cable-electriqu,2026-05-19
www.maison-poincare.fr,Tournevis Torx : Découvre le secret des pros de l'électronique,tournevis torx,https://www.maison-poincare.fr/travaux/tournevis-torx,2026-05-19
www.maisonreflet.fr,Problème de flotteur de pompe de relevage : les solutions,problème flotteur pompe,https://www.maisonreflet.fr/probleme-de-flotteur-de-pompe-de-relevage-les-solutions,2026-05-19
www.metiersdart-artisanat.com,"Fermeture lidl, la vérité sur les rumeurs de fin en France",lidl vérité rumeurs,https://www.metiersdart-artisanat.com/fermeture-lidl,2026-05-19
www.metiersdart-artisanat.com,Quoi emballer en premier lors d’un déménagement dans une nouvelle maison,déménagement nouvelle maison,https://www.metiersdart-artisanat.com/quoi-emballer-en-premier-lors-dun-demenagement-dans-une-nouvelle-maison,2026-05-19
www.metiersdart-artisanat.com,"Rénovation ferme avant après , réussir une transformation totale",rénovation ferme avant,https://www.metiersdart-artisanat.com/renovation-ferme-avant-apres,2026-05-19
www.metiersdart-artisanat.com,"Terrasse qui s'affaisse, 5 signes pour évaluer la gravité",signes évaluer gravité,https://www.metiersdart-artisanat.com/terrasse-qui-saffaisse,2026-05-19
www.mittelwihr.eu,Comment nettoyer et entretenir ses meubles de jardin en bois,nettoyer entretenir ses,https://www.mittelwihr.eu/entretenir-ses-meubles-de-jardin,2026-05-19
www.modulhome.fr,Comment budgétiser la rénovation de sa cuisine : prix et devis - Modul Home,rénovation sa cuisine,https://www.modulhome.fr/comment-budgetiser-la-renovation-de-sa-cuisine-prix-et-devis,2026-05-19
www.monconseillerimmo.com,Trouver votre box de stockage au meilleur prix à Rennes : conseils et astuces - Mon Conseiller Immo,votre box stockage,https://www.monconseillerimmo.com/trouver-votre-box-de-stockage-au-meilleur-prix-a-rennes-conseils-et-astuces,2026-05-19
www.monde-immobilier.com,Comment organiser votre prospection immobilière grâce à iadintranet ? - Monde Immobilier,organiser votre prospection,https://www.monde-immobilier.com/comment-organiser-votre-prospection-immobiliere-grace-a-iadintranet,2026-05-19
www.pole-immo.fr,IDR immobilier : méthode avancée pour optimiser un immeuble déjà acheté - Pôle Immo,idr immobilier,https://www.pole-immo.fr/idr-immobilier-methode-avancee-pour-optimiser-un-immeuble-deja-achete,2026-05-19
www.portail-immobilier.fr,Locannonce Paris ou demande classique : quelle stratégie adopter ? - Portail Immobilier,paris demande classique,https://www.portail-immobilier.fr/locannonce-paris-ou-demande-classique-quelle-strategie-adopter,2026-05-19
www.rouxel-immo.fr,Bureaux à Rennes : un marché qui se réinvente sous la pression des nouveaux usages - Rouxel Immobilier,bureaux rennes,https://www.rouxel-immo.fr/bureaux-a-rennes,2026-05-19
www.rouxel-immo.fr,Comment trouver facilement une banque pratiquant le prêt viager hypothécaire ? - Rouxel Immobilier,facilement banque pratiquant,https://www.rouxel-immo.fr/trouver-banque-pret-viager-hypothecaire,2026-05-19
www.systemes-ceramiques.org,"Bras de store banne, comment choisir selon l'usage",store banne choisir,https://www.systemes-ceramiques.org/bras-de-store-banne,2026-05-19
www.systemes-ceramiques.org,"Leboncoin.fr, 5 astuces pour meubler sa maison à petit prix",leboncoin fr astuces,https://www.systemes-ceramiques.org/leboncoin-fr,2026-05-19
www.systemes-ceramiques.org,"Moisissures joint silicone, 5 astuces naturelles de nettoyage",moisissures joint silicone,https://www.systemes-ceramiques.org/moisissures-joint-silicone,2026-05-19
www.systemes-ceramiques.org,Où vendre de la vaisselle ancienne ? Les meilleures adresses,vendre vaisselle ancienne,https://www.systemes-ceramiques.org/ou-vendre-de-la-vaisselle-ancienne,2026-05-19
www.tout-immo.net,Acheter une maison Marrakech face à la hausse des prix en 2026 - Tout Immo,acheter maison marrakech,https://www.tout-immo.net/acheter-une-maison-marrakech-face-a-la-hausse-des-prix-en-2026,2026-05-19
www.tout-immo.net,Ce qu’il faut savoir sur la mise en œuvre des rupteurs pont thermique - Tout Immo,rupteurs pont thermique,https://www.tout-immo.net/ce-quil-faut-savoir-sur-la-mise-en-oeuvre-des-rupteurs-pont-thermique,2026-05-19
www.tropheesdelamaison.com,Comment assurer la sécurité des travailleurs en espaces confinés ?,sécurité travailleurs espaces,https://www.tropheesdelamaison.com/comment-assurer-la-securite-des-travailleurs-en-espaces-confines,2026-05-19
www.tropheesdelamaison.com,Comment choisir une couette automne-hiver ? - Les Trophées de la Maison,couette automne hiver,https://www.tropheesdelamaison.com/comment-choisir-une-couette-automne-hiver,2026-05-19
www.tropheesdelamaison.com,Comment installer un support mural pour guitare en toute sécurité - Les Trophées de la Maison,guitare toute sécurité,https://www.tropheesdelamaison.com/comment-installer-un-support-mural-pour-guitare-en-toute-securite,2026-05-19
www.tropheesdelamaison.com,Comment trouver des cartons gratuits dans votre quartier en quelques jours ? - Les Trophées de la Maison,cartons gratuits votre,https://www.tropheesdelamaison.com/comment-trouver-des-cartons-gratuits-dans-votre-quartier-en-quelques-jours,2026-05-19
www.tropheesdelamaison.com,Comment un spécialiste peut protéger votre installation sanitaire contre l'eau calcaire? - Les Trophées de la Maison,sanitaire contre eau,https://www.tropheesdelamaison.com/comment-un-specialiste-peut-proteger-votre-installation-sanitaire-contre-leau-calcaire,2026-05-19
www.tropheesdelamaison.com,Les avantages d'acheter un tapis de jardin - Les Trophées de la Maison,acheter tapis jardin,https://www.tropheesdelamaison.com/les-avantages-dacheter-un-tapis-de-jardin,2026-05-19
www.tropheesdelamaison.com,Pompe à chaleur : tout savoir pour faire des économies d’énergie - Les Trophées de la Maison,pompe chaleur,https://www.tropheesdelamaison.com/pompe-a-chaleur-tout-savoir-pour-faire-des-economies-denergie,2026-05-19
www.tropheesdelamaison.com,Pourquoi faire appel à une entreprise de rénovation locale pour vos travaux à Paris ? - Les Trophées de la Maison,entreprise rénovation locale,https://www.tropheesdelamaison.com/pourquoi-faire-appel-a-une-entreprise-de-renovation-locale-pour-vos-travaux-a-paris,2026-05-19
www.usineadesign.com,"Alarmes maison, choisir, installer et entretenir",alarmes maison,https://www.usineadesign.com/alarmes,2026-05-19
www.usineadesign.com,"Clim mitsubishi voyant clignote, 5 causes et solutions",voyant clignote causes,https://www.usineadesign.com/clim-mitsubishi-voyant-clignote,2026-05-19
www.usineadesign.com,Comment choisir une entreprise de plafonnage à Charleroi ?,entreprise plafonnage charleroi,https://www.usineadesign.com/comment-choisir-une-entreprise-de-plafonnage-a-charleroi,2026-05-19
www.usineadesign.com,"debarras maison prix, 35€ à 90€/m³, totaux 300€ à 3 000€",debarras maison prix,https://www.usineadesign.com/debarras-maison-prix,2026-05-19
www.usineadesign.com,"Leboncoin service client, solutions pour régler vos litiges",leboncoin service client,https://www.usineadesign.com/leboncoin-service-client,2026-05-19
www.usineadesign.com,Les secrets de la maison de Christophe Beaugrand à Sèvres,secrets maison christophe,https://www.usineadesign.com/maison-de-christophe-beaugrand,2026-05-19
www.ventes-immobilieres.org,Calcul en mètre carré et surfaces habitables : ce que les annonces ne disent pas - Ventes Immo,mètre carré surfaces,https://www.ventes-immobilieres.org/calcul-en-metre-carre-et-surfaces-habitables-ce-que-les-annonces-ne-disent-pas,2026-05-19
www.visiter-bordeaux.eu,Bordeaux : 1700 passagers confinés à bord d’un paquebot après un décès suspect,bordeaux,https://www.visiter-bordeaux.eu/bordeaux-passagers-confinement-epidemie,2026-05-19
www.vudailleurs.com,Chaussures de randonnée : comment choisir le bon modèle pour marcher en toute sécurité,chaussures randonnée,https://www.vudailleurs.com/comment-choisir-chaussures-randonnee,2026-05-19
www.vudailleurs.com,Le crédit comme organisation de l’incertitude : une lecture structurelle du risque financier,crédit comme organisation,https://www.vudailleurs.com/credit-incertitude-structure-financiere,2026-05-19
www.vudailleurs.com,"Emmanuel Moulin, favori pour devenir gouverneur de la Banque de France",gouverneur banque france,https://www.vudailleurs.com/emmanuel-moulin-gouverneur-banque-de-france,2026-05-19
www.vudailleurs.com,"Koush : ancêtre biblique, royaume nubien et héritages culturels de la figure fondatrice",koush,https://www.vudailleurs.com/koush-ancetre-biblique-royaume-nubien-ethiopie,2026-05-19
www.vudailleurs.com,"Travail du sexe en France : un marché en mutation entre numérique, précarité et enjeux politiques",travail sexe france,https://www.vudailleurs.com/marche-travail-du-sexe-france-analyse-economique,2026-05-19
www.vudailleurs.com,"Nimrod : chasseur biblique, roi fondateur et figure majeure de la Mésopotamie",nimrod,https://www.vudailleurs.com/nimrod-chasseur-biblique-roi-babel-mesopotamie,2026-05-19
www.vudailleurs.com,"Pentecôte : origines, sens chrétien et traditions d’une fête fondatrice",pentecôte,https://www.vudailleurs.com/pentecote-origines-signification-saint-esprit,2026-05-19
zoomassurance.fr,ACPR sanctionne Société Générale : impacts et enjeux 2026,acpr sanctionne société,https://zoomassurance.fr/acpr-sanctionne-societe-generale,2026-05-19
zoomassurance.fr,Alstom 2026 : analyse des résultats et perspectives clés,alstom 2026,https://zoomassurance.fr/alstom,2026-05-19
zoomassurance.fr,Amundi confirme sa croissance solide au premier trimestre 2026,croissance solide premier,https://zoomassurance.fr/amundi,2026-05-19
zoomassurance.fr,Assurance canine : Comprendre les garanties et conditions essentielles,assurance canine,https://zoomassurance.fr/assurance-canine,2026-05-19
zoomassurance.fr,"Assurance et colocation 2026 : garanties, risques et responsabilités",assurance colocation 2026,https://zoomassurance.fr/assurance-et-colocation,2026-05-19
zoomassurance.fr,Assurance habitation à Grenoble : guide pratique 2026,assurance habitation grenoble,https://zoomassurance.fr/assurance-habitation-grenoble,2026-05-19
zoomassurance.fr,BNP Paribas 2026 : résultats solides et perspectives boursières,bnp paribas 2026,https://zoomassurance.fr/bnp-paribas,2026-05-19
zoomassurance.fr,"Cardif assurance immobilier 2026 : garanties, conditions et tarifs",cardif assurance immobilier,https://zoomassurance.fr/cardif-assurance-immobilier,2026-05-19
zoomassurance.fr,Emeis confirme une forte croissance de l’EBITDAR d’ici 2026,croissance ebitdar ici,https://zoomassurance.fr/emeis-2,2026-05-19
zoomassurance.fr,Freelance.com 2026 : gérer ses revenus et optimiser ses finances,freelance com 2026,https://zoomassurance.fr/freelance-com,2026-05-19
zoomassurance.fr,Hausse des tarifs assurance 2026 analyse des assureurs et impacts,hausse tarifs assurance,https://zoomassurance.fr/hausse-des-tarifs,2026-05-19
zoomassurance.fr,Sécurité routière 2026 : risques et enjeux pour entreprises,sécurité routière 2026,https://zoomassurance.fr/la-securite-routiere,2026-05-19
zoomassurance.fr,Le secteur de l'assistance : perspectives et enjeux clés 2026,secteur assistance,https://zoomassurance.fr/le-secteur-de-lassistance,2026-05-19
zoomassurance.fr,LVMH signe un accord stratégique sur Marc Jacobs en 2026,stratégique marc jacobs,https://zoomassurance.fr/lvmh-accord-majeur,2026-05-19
zoomassurance.fr,Nanobiotix et JNJ-1900 : avancées cliniques pour le cancer du poumon,nanobiotix jnj 1900,https://zoomassurance.fr/nanobiotix,2026-05-19
zoomassurance.fr,"Pluxee 2026 : rachat d’actions, croissance et perspectives",pluxee 2026,https://zoomassurance.fr/pluxee,2026-05-19
zoomassurance.fr,Reste à charge zéro : couverture santé et remboursements 2026,charge zéro,https://zoomassurance.fr/reste-a-charge-zero,2026-05-19
zoomassurance.fr,Revalorisation retraite complémentaire Agirc-Arrco 2025 expliquée,retraite complémentaire agirc,https://zoomassurance.fr/revalorisation-retraite-complementaire-agirc-arrco-2025,2026-05-19
zoomassurance.fr,Sirius Media 2026 : impact du regroupement d’actions sur le capital social,sirius media 2026,https://zoomassurance.fr/sirius-media,2026-05-19
zoomassurance.fr,Soitec : perspectives et recommandations des brokers en 2026,soitec,https://zoomassurance.fr/soitec,2026-05-19
zoomassurance.fr,Technip Energies : ajustements et perspectives 2026 face aux tensions,technip energies,https://zoomassurance.fr/technip-energies-2,2026-05-19
zoomassurance.fr,Vallourec en 2026 : impacts de la cession d’ArcelorMittal sur la valorisation,vallourec 2026,https://zoomassurance.fr/vallourec,2026-05-19
