site,homepage_url,sitemap_url
www.dixmois.fr,https://www.dixmois.fr,https://www.dixmois.fr/sitemap_index.xml
www.lkeria.com,https://www.lkeria.com,https://www.lkeria.com/sitemap_agence.xml.gz
influenceimmo.com,http://influenceimmo.com,https://influenceimmo.com/sitemap_index.xml
www.atlasimmobilier.com,https://www.atlasimmobilier.com,https://atlasimmobilier.com/sitemap_index.xml
www.etienne-services.fr,https://www.etienne-services.fr,https://www.etienne-services.fr/sitemap.xml
edito.selogerneuf.com,https://edito.selogerneuf.com,https://edito.selogerneuf.com/sitemap.xml
www.immomatin.com,https://www.immomatin.com,https://www.immomatin.com/sitemap-actu.xml
immocompare.org,https://immocompare.org,https://immocompare.org/sitemap_index.xml
monimmeuble.com,https://monimmeuble.com,https://monimmeuble.com/sitemap_index.xml
100pour100equitable.com,https://100pour100equitable.com,https://100pour100equitable.com/sitemap_index.xml
www.chalets-lumiere-bois.com,https://www.chalets-lumiere-bois.com,https://www.chalets-lumiere-bois.com/sitemap_index.xml
www.keur-immo.com,https://www.keur-immo.com,https://www.keur-immo.com/sitemap_index.xml
immobilier-tout-savoir.fr,https://immobilier-tout-savoir.fr,https://immobilier-tout-savoir.fr/sitemap_index.xml
www.habitat-groupe.be,https://www.habitat-groupe.be,https://www.habitat-groupe.be/sitemap_index.xml
www.mes-bons-plans.fr,https://www.mes-bons-plans.fr,https://mes-bons-plans.fr/sitemap.xml
artisan-conseils.fr,https://artisan-conseils.fr,https://artisan-conseils.fr/sitemap_index.xml
top-maison-confort.fr,https://top-maison-confort.fr,https://top-maison-confort.fr/sitemap_index.xml
thai-passion.fr,https://thai-passion.fr,https://thai-passion.fr/wp-sitemap.xml
www.ma-propriete.fr,https://www.ma-propriete.fr,https://www.ma-propriete.fr/fr/sitemap.xml
omizi.com,https://omizi.com,https://omizi.com/sitemap-index.xml
travaux-astuces.fr,https://travaux-astuces.fr,https://travaux-astuces.fr/sitemap_index.xml
architecture-madagascar.com,https://architecture-madagascar.com,http://architecture-madagascar.com/sitemap_index.xml
www.mediaseine.fr,https://www.mediaseine.fr,https://www.mediaseine.fr/sitemap.xml
fismes-tourisme.fr,https://fismes-tourisme.fr,https://fismes-tourisme.fr/sitemap_index.xml
montcusel.net,https://montcusel.net,https://montcusel.net/sitemap_index.xml
www.bambouhabitat.com,https://www.bambouhabitat.com,https://www.bambouhabitat.com/sitemap_index.xml
actualites.logic-immo.com,https://actualites.logic-immo.com,https://actualites.logic-immo.com/sitemap.xml
ma-maison-pratique.fr,https://ma-maison-pratique.fr,https://ma-maison-pratique.fr/sitemap_index.xml
sibesoin.com,https://sibesoin.com,https://www.sibesoin.com/sitemap.xml
www.immobilierneufconseil.com,https://www.immobilierneufconseil.com,https://www.immobilierneufconseil.com/sitemap.xml
travaux-magazine.fr,https://travaux-magazine.fr,https://travaux-magazine.fr/sitemap_index.xml
immo-patrimoine-conseil.fr,https://immo-patrimoine-conseil.fr,https://immo-patrimoine-conseil.fr/sitemap_index.xml
123-deco.fr,https://123-deco.fr,https://123-deco.fr/sitemap_index.xml
interiora-style.fr,https://interiora-style.fr,https://interiora-style.fr/sitemap_index.xml
www.verymap.net,https://www.verymap.net,https://www.verymap.net/sitemap_index.xml
batiment-actualites.fr,https://batiment-actualites.fr,https://batiment-actualites.fr/sitemap_index.xml
travaux-specialistes.fr,https://travaux-specialistes.fr,https://travaux-specialistes.fr/sitemap_index.xml
www.evmag.fr,https://www.evmag.fr,https://www.evmag.fr/sitemap_index.xml
chantier-expert.fr,https://chantier-expert.fr,https://chantier-expert.fr/sitemap_index.xml
renovation-astuces.fr,https://renovation-astuces.fr,https://renovation-astuces.fr/sitemap_index.xml
www.reseaumentorat.fr,https://www.reseaumentorat.fr,https://www.reseaumentorat.fr/sitemap.xml
www.campings.ma,https://www.campings.ma,https://www.campings.ma/sitemap_index.xml
deco-et-vous.fr,https://deco-et-vous.fr,https://deco-et-vous.fr/sitemap_index.xml
www.la-loipinel.fr,https://www.la-loipinel.fr,https://www.la-loipinel.fr/sitemaps.xml
www.cahorsjuinjardins.fr,https://www.cahorsjuinjardins.fr,https://www.cahorsjuinjardins.fr/sitemap_index.xml
www.agence-etoile.fr,https://www.agence-etoile.fr,https://www.agence-etoile.fr/sitemap_index.xml
www.leemo.fr,https://www.leemo.fr,https://www.leemo.fr/sitemap_index.xml
revue-immo.com,https://revue-immo.com,https://revue-immo.com/sitemap_index.xml
renovation-conseils.fr,https://renovation-conseils.fr,https://renovation-conseils.fr/sitemap_index.xml
mecaza.fr,https://mecaza.fr,https://www.mecaza.fr/sitemap.xml
audricdecock.fr,https://audricdecock.fr,https://audricdecock.fr/sitemap_index.xml
decolux-maison.fr,https://decolux-maison.fr,https://decolux-maison.fr/sitemap_index.xml
www.hop-house.fr,https://www.hop-house.fr,https://www.hop-house.fr/sitemap_index.xml
favrat-ossature-bois.fr,https://favrat-ossature-bois.fr,https://favrat-ossature-bois.fr/sitemap_index.xml
tousvosactes-avocat-ms.fr,https://tousvosactes-avocat-ms.fr,https://www.tousvosactes-avocat-ms.fr/sitemap_index.xml
www.commentaider.fr,https://www.commentaider.fr,https://www.commentaider.fr/sitemap_index.xml
maison-deco-design.fr,https://maison-deco-design.fr,https://maison-deco-design.fr/sitemap_index.xml
www.archibien.com,https://www.archibien.com,https://www.archibien.com/sitemap_index.xml
allianz-entrepros.fr,https://allianz-entrepros.fr,https://allianz-entrepros.fr/sitemap_index.xml
habitat-infos.fr,https://habitat-infos.fr,https://habitat-infos.fr/sitemap_index.xml
www.monde-immobilier.com,https://www.monde-immobilier.com,https://www.monde-immobilier.com/sitemap_index.xml
deco-habitat-mag.fr,https://deco-habitat-mag.fr,https://deco-habitat-mag.fr/sitemap_index.xml
www.rouxel-immo.fr,https://www.rouxel-immo.fr,https://www.rouxel-immo.fr/sitemap_index.xml
www.immob.biz,https://www.immob.biz,https://www.immob.biz/sitemap_index.xml
abrirama.fr,https://abrirama.fr,https://www.abrirama.fr/sitemap_index.xml
www.master-patrimoine.fr,https://www.master-patrimoine.fr,https://www.master-patrimoine.fr/sitemaps.xml
harmonie-maison.fr,https://harmonie-maison.fr,https://harmonie-maison.fr/sitemap_index.xml
www.maison-poincare.fr,https://www.maison-poincare.fr,https://www.maison-poincare.fr/sitemap_index.xml
www.airnews.net,https://www.airnews.net,https://www.airnews.net/sitemap_index.xml
hotelub.fr,https://hotelub.fr,https://hotelub.fr/sitemaps.xml
www.fivestars-thailand.com,https://www.fivestars-thailand.com,https://www.fivestars-thailand.com/xml/sitemap.xml
www.sphere-immo.com,https://www.sphere-immo.com,https://www.sphere-immo.com/sitemap.xml
www.france-initiative.fr,https://www.france-initiative.fr,https://www.france-initiative.fr/sitemap.xml
agence-immobiliere-france.fr,https://agence-immobiliere-france.fr,https://agence-immobiliere-france.fr/sitemap.xml
www.mittelwihr.eu,https://www.mittelwihr.eu,https://www.mittelwihr.eu/sitemap_index.xml
deco-interieur-conseil.fr,https://deco-interieur-conseil.fr,https://deco-interieur-conseil.fr/sitemap_index.xml
www.bambinsdeco.com,https://www.bambinsdeco.com,https://www.bambinsdeco.com/sitemap_index.xml
horizons-patrimoine.fr,https://horizons-patrimoine.fr,https://horizons-patrimoine.fr/sitemap_index.xml
souslouer.com,https://souslouer.com,https://www.souslouer.com/sitemap-4seo.xml
www.lejsd.com,https://www.lejsd.com,https://www.lejsd.com/wp-sitemap.xml
www.exactimmo.fr,https://www.exactimmo.fr,https://www.exactimmo.fr/sitemap_index.xml
www.tropheesdelamaison.com,https://www.tropheesdelamaison.com,https://www.tropheesdelamaison.com/sitemap_index.xml
loco-immo.fr,https://loco-immo.fr,https://loco-immo.fr/sitemap_index.xml
www.money-magazine.fr,https://www.money-magazine.fr,https://www.money-magazine.fr/sitemap_index.xml
www.findtutorials.com,https://www.findtutorials.com,https://www.findtutorials.com/sitemap_index.xml
www.immorush.fr,https://www.immorush.fr,https://www.immorush.fr/sitemap_index.xml
www.agglo-gpso.fr,https://www.agglo-gpso.fr,https://www.agglo-gpso.fr/sitemap_index.xml
lacquolina.fr,https://lacquolina.fr,https://lacquolina.fr/sitemap_index.xml
itsufrance.fr,https://itsufrance.fr,https://itsufrance.fr/sitemaps.xml
ardentes-berry-immobilier.fr,https://ardentes-berry-immobilier.fr,https://ardentes-berry-immobilier.fr/sitemap_index.xml
m2paris.fr,https://m2paris.fr,https://m2paris.fr/sitemap_index.xml
www.personacourtage.fr,https://www.personacourtage.fr,https://www.personacourtage.fr/sitemap_index.xml
habitat.immo,https://habitat.immo,https://habitat.immo/sitemap_index.xml
www.usineadesign.com,http://www.usineadesign.com,https://www.usineadesign.com/sitemap_index.xml
svmmac.fr,https://svmmac.fr,https://svmmac.fr/sitemap_index.xml
www.ventes-immobilieres.org,https://www.ventes-immobilieres.org,https://www.ventes-immobilieres.org/sitemap_index.xml
diore-immobilier.fr,https://diore-immobilier.fr,https://diore-immobilier.fr/sitemap_index.xml
www.agencedesalpes.com,https://www.agencedesalpes.com,https://agencedesalpes.com/sitemap_index.xml
maisoncocoon.fr,https://maisoncocoon.fr,https://maisoncocoon.fr/sitemap_index.xml
cabinet-i-immobilier.fr,https://cabinet-i-immobilier.fr,https://cabinet-i-immobilier.fr/sitemap_index.xml
kmeleon.org,https://kmeleon.org,https://kmeleon.org/wp-sitemap.xml
www.mairiesttheodorit.fr,https://www.mairiesttheodorit.fr,https://www.mairiesttheodorit.fr/sitemap.xml
www.lebarbuedanvers.fr,https://www.lebarbuedanvers.fr,https://www.lebarbuedanvers.fr/sitemap_index.xml
www.greenwatt.fr,https://www.greenwatt.fr,https://www.greenwatt.fr/sitemap_index.xml
www.belnap.fr,https://www.belnap.fr,https://www.belnap.fr/sitemap_index.xml
www.ablgestion.fr,https://www.ablgestion.fr,https://www.ablgestion.fr/sitemap_index.xml
www.vivonsmaison.com,https://www.vivonsmaison.com,https://www.vivonsmaison.com/sitemap_index.xml
needl.fr,https://needl.fr,https://needl.fr/sitemap_index.xml
www.vudailleurs.com,https://www.vudailleurs.com,https://www.vudailleurs.com/sitemap_index.xml
domindo.fr,https://domindo.fr,https://www.domindo.fr/sitemap_index.xml
art-pluriel.fr,https://art-pluriel.fr,https://art-pluriel.fr/sitemap_index.xml
estimationterrain.com,https://estimationterrain.com,https://estimationterrain.com/sitemap_index.xml
louez-demenagez.fr,https://louez-demenagez.fr,https://louez-demenagez.fr/sitemap.xml
duflair.com,https://duflair.com,https://duflair.com/sitemap.xml
espaceimmobiliersanary.fr,https://espaceimmobiliersanary.fr,https://espaceimmobiliersanary.fr/sitemap_index.xml
ceth.fr,https://ceth.fr,https://ceth.fr/sitemap_index.xml
www.eco-finance.info,https://www.eco-finance.info,https://www.eco-finance.info/sitemap_index.xml
www.modulhome.fr,https://www.modulhome.fr,https://www.modulhome.fr/sitemap_index.xml
www.sp-batiment.com,https://www.sp-batiment.com,https://www.sp-batiment.com/sitemap.xml
www.immo-land.fr,https://www.immo-land.fr,https://www.immo-land.fr/sitemap_index.xml
www.fresc.org,https://www.fresc.org,https://www.fresc.org/sitemap_index.xml
www.experts-immobilier.fr,https://www.experts-immobilier.fr,https://www.experts-immobilier.fr/sitemap_index.xml
www.metiersdart-artisanat.com,https://www.metiersdart-artisanat.com,https://www.metiersdart-artisanat.com/sitemap_index.xml
immobilier-albert1er.fr,https://immobilier-albert1er.fr,https://immobilier-albert1er.fr/sitemap_index.xml
maison-monde.com,https://maison-monde.com,https://maison-monde.com/sitemap_index.xml
anticatrattoria.fr,https://anticatrattoria.fr,https://anticatrattoria.fr/sitemap_index.xml
topelevation.fr,https://topelevation.fr,https://topelevation.fr/sitemap_index.xml
www.sagat.fr,https://www.sagat.fr,https://www.sagat.fr/sitemap_index.xml
www.calculette.net,https://www.calculette.net,https://www.calculette.net/sitemap.xml
pepseo.fr,https://pepseo.fr,https://pepseo.fr/sitemap_index.xml
publicimmo.com,https://publicimmo.com,https://publicimmo.com/sitemap_index.xml
cgt-76.fr,https://cgt-76.fr,https://cgt-76.fr/sitemap_index.xml
www.koliving.fr,https://www.koliving.fr,https://www.koliving.fr/sitemap_index.xml
www.defoly-immobilier.fr,https://www.defoly-immobilier.fr,https://www.defoly-immobilier.fr/sitemap_index.xml
www.magazine-slr.fr,https://www.magazine-slr.fr,https://www.magazine-slr.fr/sitemaps.xml
al-djazair.com,https://al-djazair.com,https://al-djazair.com/sitemap_index.xml
www.blueprintforsafety.org,https://www.blueprintforsafety.org,https://www.blueprintforsafety.org/sitemap_index.xml
cerclemediateursbancaires.fr,https://cerclemediateursbancaires.fr,https://cerclemediateursbancaires.fr/sitemap_index.xml
renovalp.fr,https://renovalp.fr,https://renovalp.fr/sitemap.xml
www.portail-immobilier.fr,https://www.portail-immobilier.fr,https://www.portail-immobilier.fr/sitemap_index.xml
fiscalimmo.fr,https://fiscalimmo.fr,https://fiscalimmo.fr/sitemap_index.xml
www.3ehabitat.fr,https://www.3ehabitat.fr,https://www.3ehabitat.fr/sitemap_index.xml
prats.fr,https://prats.fr,https://prats.fr/sitemap_index.xml
miui-france.org,https://miui-france.org,https://www.miui-france.org/sitemap_index.xml
scarletimmobilier.fr,https://scarletimmobilier.fr,https://scarletimmobilier.fr/sitemap-index.xml
www.belaircamp.org,https://www.belaircamp.org,https://www.belaircamp.org/sitemap_index.xml
www.repp.org,http://www.repp.org,http://www.repp.org/sitemap_index.xml
bleu-canard.fr,https://bleu-canard.fr,https://bleu-canard.fr/sitemap.xml
www.homedome.fr,https://www.homedome.fr,https://www.homedome.fr/sitemap_index.xml
www.visiter-bordeaux.eu,https://www.visiter-bordeaux.eu,https://www.visiter-bordeaux.eu/sitemap_index.xml
archilibre.org,https://archilibre.org,https://archilibre.org/sitemap_index.xml
www.club-finance.fr,https://www.club-finance.fr,https://www.club-finance.fr/sitemaps.xml
www.b2btoday.com,https://www.b2btoday.com,https://www.b2btoday.com/sitemap_index.xml
rennes-blog.org,https://rennes-blog.org,https://rennes-blog.org/sitemap_index.xml
www.adprip.fr,https://www.adprip.fr,https://www.adprip.fr/sitemap_index.xml
www.passerellesud.org,https://www.passerellesud.org,https://www.passerellesud.org/sitemap.xml
briqueterie-chimot.fr,https://briqueterie-chimot.fr,https://briqueterie-chimot.fr/sitemap_index.xml
www.saintouen-lesdocks.com,https://www.saintouen-lesdocks.com,https://www.saintouen-lesdocks.com/sitemap.xml
www.cogim-parisel.fr,https://www.cogim-parisel.fr,https://www.cogim-parisel.fr/sitemap.xml
www.blog-habitat-durable.com,https://www.blog-habitat-durable.com,https://www.blog-habitat-durable.com/sitemap_index.xml
secur-home.fr,https://secur-home.fr,https://secur-home.fr/sitemap_index.xml
anousparis.fr,https://anousparis.fr,https://anousparis.fr/wp-sitemap.xml
gresel.org,https://gresel.org,https://gresel.org/sitemap_index.xml
immo-libre.fr,https://immo-libre.fr,https://immo-libre.fr/sitemap_index.xml
zoomassurance.fr,https://zoomassurance.fr,https://zoomassurance.fr/sitemap_index.xml
foyerlumina.fr,https://foyerlumina.fr,https://foyerlumina.fr/sitemap_index.xml
www.decodambiance.com,https://www.decodambiance.com,https://www.decodambiance.com/sitemap_index.xml
www.tout-immo.net,https://www.tout-immo.net,https://www.tout-immo.net/sitemap_index.xml
www.monconseillerimmo.com,https://www.monconseillerimmo.com,https://www.monconseillerimmo.com/sitemap_index.xml
www.istase.fr,https://www.istase.fr,https://www.istase.fr/sitemap.xml
www.blog-actif.net,https://www.blog-actif.net,https://www.blog-actif.net/sitemap_index.xml
www.lenergieenquestions.fr,https://www.lenergieenquestions.fr,https://www.lenergieenquestions.fr/sitemap.xml
www.immobilier-web.fr,https://www.immobilier-web.fr,https://www.immobilier-web.fr/sitemap_index.xml
zone-immo.fr,https://zone-immo.fr,https://zone-immo.fr/sitemap_index.xml
www.hebertimmobilier.fr,https://www.hebertimmobilier.fr,https://www.hebertimmobilier.fr/sitemap_index.xml
www.cle-immobilier.net,https://www.cle-immobilier.net,https://www.cle-immobilier.net/sitemap_index.xml
www.easycessions.fr,https://www.easycessions.fr,https://www.easycessions.fr/sitemap_index.xml
famin-immobilier.fr,https://famin-immobilier.fr,https://famin-immobilier.fr/sitemap_index.xml
www.imeb.net,https://www.imeb.net,https://www.imeb.net/sitemap.xml
www.coupefile-immobilier.com,https://www.coupefile-immobilier.com,https://www.coupefile-immobilier.com/sitemap_index.xml
www.detectimmobilier.com,https://www.detectimmobilier.com,https://www.detectimmobilier.com/sitemap.xml
longbeachcannes.fr,https://longbeachcannes.fr,https://longbeachcannes.fr/sitemap_index.xml
assurancespret.com,https://assurancespret.com,https://assurancespret.com/sitemap_index.xml
www.agencedupaysdaigues.com,https://www.agencedupaysdaigues.com,https://www.agencedupaysdaigues.com/sitemap_index.xml
lebureaudelimmo.fr,https://lebureaudelimmo.fr,https://lebureaudelimmo.fr/sitemap_index.xml
www.coquillagesclaude.fr,https://www.coquillagesclaude.fr,https://www.coquillagesclaude.fr/sitemap_index.xml
www.tschann.fr,http://www.tschann.fr,https://www.tschann.fr/sitemap_index.xml
gestaloc.fr,https://gestaloc.fr,https://gestaloc.fr/sitemap.xml
micado-france.fr,https://micado-france.fr,https://micado-france.fr/sitemap_index.xml
stid-france.fr,https://stid-france.fr,https://stid-france.fr/sitemap_index.xml
www.revue-fonciere.com,https://www.revue-fonciere.com,https://www.revue-fonciere.com/sitemaps.xml
appart-garden.com,https://appart-garden.com,https://appart-garden.com/sitemap_index.xml
www.agencedumoulin87.fr,https://www.agencedumoulin87.fr,https://www.agencedumoulin87.fr/sitemaps.xml
cse-infos.fr,https://cse-infos.fr,https://cse-infos.fr/sitemap_index.xml
ernews.fr,https://ernews.fr,https://ernews.fr/sitemap_index.xml
www.cht-immobilier.fr,https://www.cht-immobilier.fr,https://www.cht-immobilier.fr/sitemaps.xml
www.devis-travaux-maison-pro.fr,https://www.devis-travaux-maison-pro.fr,https://www.devis-travaux-maison-pro.fr/sitemap.xml
www.astuceimmo.fr,https://www.astuceimmo.fr,https://www.astuceimmo.fr/sitemap_index.xml
appartementcourchevel.com,https://appartementcourchevel.com,https://www.appartementcourchevel.com/sitemap_index.xml
lemandalamoris.com,https://lemandalamoris.com,https://lemandalamoris.com/sitemaps.xml
www.photy.fr,https://www.photy.fr,https://www.photy.fr/sitemap.xml
www.l-echo.info,https://www.l-echo.info,https://l-echo.info/sitemap_index.xml
www.diapola.fr,https://www.diapola.fr,https://www.diapola.fr/sitemap.xml
www.gvu-immo.com,https://www.gvu-immo.com,https://www.gvu-immo.com/sitemap.xml
www.groupe-betom.fr,https://www.groupe-betom.fr,https://www.groupe-betom.fr/sitemap_index.xml
www.habitanova.net,https://www.habitanova.net,https://www.habitanova.net/sitemap-news.xml
www.nostrodomus.fr,https://www.nostrodomus.fr,https://www.nostrodomus.fr/sitemap_index.xml
maison-entretien.com,https://maison-entretien.com,https://maison-entretien.com/sitemap_index.xml
www.actu-immobilier.net,https://www.actu-immobilier.net,https://www.actu-immobilier.net/sitemaps.xml
www.amv-immo.fr,https://www.amv-immo.fr,https://www.amv-immo.fr/sitemaps.xml
www.crdp-limousin.fr,https://www.crdp-limousin.fr,https://www.crdp-limousin.fr/sitemap_index.xml
isolationcombles.fr,https://isolationcombles.fr,https://isolationcombles.fr/sitemap_index.xml
jardinerlaville.fr,https://jardinerlaville.fr,https://jardinerlaville.fr/sitemap_index.xml
immobilier-rabat.com,https://immobilier-rabat.com,https://immobilier-rabat.com/sitemap_index.xml
renovbox.com,https://renovbox.com,https://renovbox.com/sitemap_index.xml
lvdp.fr,https://lvdp.fr,https://lvdp.fr/sitemap_index.xml
www.systemes-ceramiques.org,http://www.systemes-ceramiques.org,https://www.systemes-ceramiques.org/sitemap_index.xml
www.lamaisondechloe.fr,https://www.lamaisondechloe.fr,https://www.lamaisondechloe.fr/sitemap_index.xml
www.valeurscorporate.fr,https://www.valeurscorporate.fr,https://www.valeurscorporate.fr/sitemaps.xml
locama.fr,https://locama.fr,https://locama.fr/sitemap_index.xml
housingfirstguide.eu,https://housingfirstguide.eu,https://housingfirstguide.eu/sitemap_index.xml
crea-tp-amenagement.fr,https://crea-tp-amenagement.fr,https://crea-tp-amenagement.fr/sitemaps.xml
www.habitatparticipatif.net,https://www.habitatparticipatif.net,https://www.habitatparticipatif.net/sitemap_index.xml
ccae.fr,https://ccae.fr,https://ccae.fr/sitemap_index.xml
decoparty.fr,https://decoparty.fr,https://decoparty.fr/sitemaps.xml
www.ciip.fr,https://www.ciip.fr,https://www.ciip.fr/sitemaps.xml
www.pole-immo.fr,https://www.pole-immo.fr,https://www.pole-immo.fr/sitemap_index.xml
domeus-constructions.fr,https://domeus-constructions.fr,https://domeus-constructions.fr/sitemap_index.xml
leconomieetmoi.fr,https://leconomieetmoi.fr,https://leconomieetmoi.fr/sitemap_index.xml
www.cyfernet.org,https://www.cyfernet.org,https://www.cyfernet.org/sitemap_index.xml
maisonfjord.fr,https://maisonfjord.fr,https://maisonfjord.fr/sitemap_index.xml
foyerluxuria.fr,https://foyerluxuria.fr,https://foyerluxuria.fr/sitemap_index.xml
maisonfloralis.fr,https://maisonfloralis.fr,https://maisonfloralis.fr/sitemap_index.xml
menuisiersdunord.fr,https://menuisiersdunord.fr,https://menuisiersdunord.fr/sitemap_index.xml
www.cercll.fr,https://www.cercll.fr,https://www.cercll.fr/sitemaps.xml
immodeco.net,https://immodeco.net,https://immodeco.net/sitemap_index.xml
maizhome.fr,https://maizhome.fr,https://maizhome.fr/sitemap_index.xml
www.espacecastillon.fr,https://www.espacecastillon.fr,https://www.espacecastillon.fr/sitemap_index.xml
www.studimmo.fr,https://www.studimmo.fr,https://www.studimmo.fr/sitemaps.xml
www.frci-idf.com,https://www.frci-idf.com,https://www.frci-idf.com/sitemap_index.xml
fenrifoyer.fr,https://fenrifoyer.fr,https://fenrifoyer.fr/sitemap_index.xml
www.cat29.fr,https://www.cat29.fr,https://www.cat29.fr/sitemap_index.xml
www.cabane-deco.fr,https://www.cabane-deco.fr,https://www.cabane-deco.fr/sitemap_index.xml
www.maisonreflet.fr,https://www.maisonreflet.fr,https://www.maisonreflet.fr/sitemap_index.xml
www.cnsee.org,https://www.cnsee.org,https://www.cnsee.org/sitemap_index.xml
www.crisimmo.fr,https://www.crisimmo.fr,https://www.crisimmo.fr/sitemap_index.xml
www.ameliorer-mon-logement.fr,https://www.ameliorer-mon-logement.fr,https://www.ameliorer-mon-logement.fr/sitemap.xml
www.jardinot.org,https://www.jardinot.org,https://www.jardinot.org/sitemap_index.xml
www.capitole-immobilier.fr,https://www.capitole-immobilier.fr,https://www.capitole-immobilier.fr/sitemaps.xml
mag-investir.com,http://mag-investir.com,https://mag-investir.com/sitemap_index.xml
www.jardipedia.com,https://www.jardipedia.com,https://www.jardipedia.com/sitemap_index.xml
www.aebfrance.com,http://www.aebfrance.com,https://www.aebfrance.com/sitemap_index.xml
pluscestsimple.com,https://pluscestsimple.com,https://pluscestsimple.com/wp-sitemap.xml
www.cap-btp.com,http://www.cap-btp.com,https://www.cap-btp.com/sitemap_index.xml
maison-chaleureuse.com,https://maison-chaleureuse.com,https://maison-chaleureuse.com/sitemap.xml
www.chahutbahut.fr,https://www.chahutbahut.fr,https://www.chahutbahut.fr/sitemap_index.xml
agencehenry.com,https://agencehenry.com,https://www.agencehenry.com/sitemap_index.xml
www.akerys-immobilier.fr,https://www.akerys-immobilier.fr,https://www.akerys-immobilier.fr/sitemaps.xml
www.burov.com,https://www.burov.com,https://www.burov.com/sitemap_index.xml
www.latabledelacitadelle.fr,https://www.latabledelacitadelle.fr,https://www.latabledelacitadelle.fr/wp-sitemap.xml
www.perpignan-immobilier.fr,https://www.perpignan-immobilier.fr,https://www.perpignan-immobilier.fr/sitemaps.xml
quintex-finance.com,https://quintex-finance.com,https://quintex-finance.com/sitemaps.xml
oocto.com,https://oocto.com,https://oocto.com/post-sitemap1.xml
www.immoguru.fr,https://www.immoguru.fr,https://www.immoguru.fr/sitemap_index.xml
www.ohm-immobilier.fr,https://www.ohm-immobilier.fr,https://www.ohm-immobilier.fr/sitemaps.xml
www.patricia4realestate.com,http://www.patricia4realestate.com,https://www.patricia4realestate.com/sitemap_index.xml
www.aidologement.com,https://www.aidologement.com,https://www.aidologement.com/sitemap_index.xml
www.immoproxima.fr,https://www.immoproxima.fr,https://www.immoproxima.fr/sitemap_index.xml
monhabitoo.fr,https://monhabitoo.fr,https://monhabitoo.fr/sitemap_index.xml
maisonluminea.fr,https://maisonluminea.fr,https://maisonluminea.fr/sitemap_index.xml
chaleteauvive.com,https://chaleteauvive.com,https://chaleteauvive.com/sitemap_index.xml
maisondulcia.fr,https://maisondulcia.fr,https://maisondulcia.fr/sitemap_index.xml
terhexagone-immo.fr,http://terhexagone-immo.fr,https://terhexagone-immo.fr/sitemap_index.xml
enkirama.fr,https://enkirama.fr,https://enkirama.fr/sitemaps.xml
lyondiagnosticimmobilier.fr,https://lyondiagnosticimmobilier.fr,https://lyondiagnosticimmobilier.fr/sitemap_index.xml
maisons-deco-jardin.com,https://maisons-deco-jardin.com,https://maisons-deco-jardin.com/sitemap_index.xml
